Regulator	Gene ID	TF Locus Tag	TRN Type	Reference 
NagR	LMB90_RS04880	LAR_0271	Transcription Factor	RegPRECISE
PurR	LMB90_RS02605	LAR_0210	Transcription Factor	RegPRECISE
PurR	LMB90_RS02600	LAR_0210	Transcription Factor	RegPRECISE
PurR	LMB90_RS02595	LAR_0210	Transcription Factor	RegPRECISE
PurR	LMB90_RS02590	LAR_0210	Transcription Factor	RegPRECISE
PurR	LMB90_RS02585	LAR_0210	Transcription Factor	RegPRECISE
PurR	LMB90_RS02580	LAR_0210	Transcription Factor	RegPRECISE
PurR	LMB90_RS02575	LAR_0210	Transcription Factor	RegPRECISE
PurR	LMB90_RS02570	LAR_0210	Transcription Factor	RegPRECISE
PurR	LMB90_RS02565	LAR_0210	Transcription Factor	RegPRECISE
PurR	LMB90_RS02620	LAR_0210	Transcription Factor	RegPRECISE
PurR	LMB90_RS02615	LAR_0210	Transcription Factor	RegPRECISE
PurR	LMB90_RS00770	LAR_0210	Transcription Factor	RegPRECISE
PurR	LMB90_RS00775	LAR_0210	Transcription Factor	RegPRECISE
CcpA	LMB90_RS04435	LAR_0536	Transcription Factor	RegPRECISE
CcpA	LMB90_RS04440	LAR_0536	Transcription Factor	RegPRECISE
CcpA	LMB90_RS04445	LAR_0536	Transcription Factor	RegPRECISE
CcpA	LMB90_RS07445	LAR_0536	Transcription Factor	RegPRECISE
CcpA	LMB90_RS07495	LAR_0536	Transcription Factor	RegPRECISE
CcpA	LMB90_RS07500	LAR_0536	Transcription Factor	RegPRECISE
CcpA	LMB90_RS06220	LAR_0536	Transcription Factor	RegPRECISE
CcpA	LMB90_RS06215	LAR_0536	Transcription Factor	RegPRECISE
CcpA	LMB90_RS06210	LAR_0536	Transcription Factor	RegPRECISE
CcpA	LMB90_RS06205	LAR_0536	Transcription Factor	RegPRECISE
CcpA	LMB90_RS00685	LAR_0536	Transcription Factor	RegPRECISE
CcpA	LMB90_RS01970	LAR_0536	Transcription Factor	RegPRECISE
CcpA	LMB90_RS01965	LAR_0536	Transcription Factor	RegPRECISE
CcpA	LMB90_RS09730	LAR_0536	Transcription Factor	RegPRECISE
CcpA	LMB90_RS04260	LAR_0536	Transcription Factor	RegPRECISE
CcpA	LMB90_RS04255	LAR_0536	Transcription Factor	RegPRECISE
CcpA	LMB90_RS04250	LAR_0536	Transcription Factor	RegPRECISE
CcpA	LMB90_RS03620	LAR_0536	Transcription Factor	RegPRECISE
CcpA	LMB90_RS02330	LAR_0536	Transcription Factor	RegPRECISE
CcpA	LMB90_RS08045	LAR_0536	Transcription Factor	RegPRECISE
CcpA	LMB90_RS08050	LAR_0536	Transcription Factor	RegPRECISE
CcpA	LMB90_RS04065	LAR_0536	Transcription Factor	RegPRECISE
CcpA	LMB90_RS02350	LAR_0536	Transcription Factor	RegPRECISE
CcpA	LMB90_RS02680	LAR_0536	Transcription Factor	RegPRECISE
CcpA	LMB90_RS02675	LAR_0536	Transcription Factor	RegPRECISE
CcpA	LMB90_RS06365	LAR_0536	Transcription Factor	RegPRECISE
CcpA	LMB90_RS06370	LAR_0536	Transcription Factor	RegPRECISE
CcpA	LMB90_RS06375	LAR_0536	Transcription Factor	RegPRECISE
CcpA	LMB90_RS06380	LAR_0536	Transcription Factor	RegPRECISE
CcpA	LMB90_RS07080	LAR_0536	Transcription Factor	RegPRECISE
CcpA	LMB90_RS04935	LAR_0536	Transcription Factor	RegPRECISE
CcpA	LMB90_RS04940	LAR_0536	Transcription Factor	RegPRECISE
CcpA	LMB90_RS09695	LAR_0536	Transcription Factor	RegPRECISE
CcpA	LMB90_RS09700	LAR_0536	Transcription Factor	RegPRECISE
CcpA	LMB90_RS04470	LAR_0536	Transcription Factor	RegPRECISE
CcpA	LMB90_RS07520	LAR_0536	Transcription Factor	RegPRECISE
CcpA	LMB90_RS09120	LAR_0536	Transcription Factor	RegPRECISE
CcpA	LMB90_RS09125	LAR_0536	Transcription Factor	RegPRECISE
CcpA	LMB90_RS09130	LAR_0536	Transcription Factor	RegPRECISE
CcpA	LMB90_RS04520	LAR_0536	Transcription Factor	RegPRECISE
CcpA	LMB90_RS07000	LAR_0536	Transcription Factor	RegPRECISE
CcpA	LMB90_RS04610	LAR_0536	Transcription Factor	RegPRECISE
CcpA	LMB90_RS04615	LAR_0536	Transcription Factor	RegPRECISE
CcpA	LMB90_RS04690	LAR_0536	Transcription Factor	RegPRECISE
CcpA	LMB90_RS04695	LAR_0536	Transcription Factor	RegPRECISE
CcpA	LMB90_RS04700	LAR_0536	Transcription Factor	RegPRECISE
CcpA	LMB90_RS09705	LAR_0536	Transcription Factor	RegPRECISE
CcpA	LMB90_RS09710	LAR_0536	Transcription Factor	RegPRECISE
CcpA	LMB90_RS04435	LAR_0536	Transcription Factor	RegPRECISE
CcpA	LMB90_RS04440	LAR_0536	Transcription Factor	RegPRECISE
AraR	LMB90_RS06220	LAR_0536	Transcription Factor	RegPRECISE
AraR	LMB90_RS06215	LAR_0536	Transcription Factor	RegPRECISE
AraR	LMB90_RS06210	LAR_0536	Transcription Factor	RegPRECISE
AraR	LMB90_RS06205	LAR_0536	Transcription Factor	RegPRECISE
L10_leader	LMB90_RS05070	RF00557	RNA Regulatory Element	RegPRECISE
L10_leader	LMB90_RS05075	RF00557	RNA Regulatory Element	RegPRECISE
TPP Riboswitch	LMB90_RS07175	RF00059	RNA Regulatory Element	RegPRECISE
TPP Riboswitch	LMB90_RS07170	RF00059	RNA Regulatory Element	RegPRECISE
TPP Riboswitch	LMB90_RS07165	RF00059	RNA Regulatory Element	RegPRECISE
TPP Riboswitch	LMB90_RS01555	RF00059	RNA Regulatory Element	RegPRECISE
TPP Riboswitch	LMB90_RS01410	RF00059	RNA Regulatory Element	RegPRECISE
TPP Riboswitch	LMB90_RS01415	RF00059	RNA Regulatory Element	RegPRECISE
TPP Riboswitch	LMB90_RS01420	RF00059	RNA Regulatory Element	RegPRECISE
FMN-Box (Riboswitch)	LMB90_RS02110	RF00050	RNA Regulatory Element	RegPRECISE
FMN-Box (Riboswitch)	LMB90_RS02105	RF00050	RNA Regulatory Element	RegPRECISE
FMN-Box (Riboswitch)	LMB90_RS02100	RF00050	RNA Regulatory Element	RegPRECISE
FMN-Box (Riboswitch)	LMB90_RS02095	RF00050	RNA Regulatory Element	RegPRECISE
PyrR	LMB90_RS00950	RF00515	RNA Regulatory Element	RegPRECISE
PyrR	LMB90_RS00955	RF00516	RNA Regulatory Element	RegPRECISE
PyrR	LMB90_RS07685	RF00517	RNA Regulatory Element	RegPRECISE
PyrR	LMB90_RS07690	RF00518	RNA Regulatory Element	RegPRECISE
PyrR	LMB90_RS07695	RF00519	RNA Regulatory Element	RegPRECISE
PyrR	LMB90_RS07700	RF00520	RNA Regulatory Element	RegPRECISE
PyrR	LMB90_RS07705	RF00521	RNA Regulatory Element	RegPRECISE
PyrR	LMB90_RS07510	RF00522	RNA Regulatory Element	RegPRECISE
PyrR	LMB90_RS07505	RF00523	RNA Regulatory Element	RegPRECISE
PyrR	LMB90_RS04770	RF00524	RNA Regulatory Element	RegPRECISE
L13_leader	LMB90_RS03200	RF00055	RNA Regulatory Element	RegPRECISE
L13_leader	LMB90_RS03205	RF00055	RNA Regulatory Element	RegPRECISE
L19_leader	LMB90_RS07980	RF00556	RNA Regulatory Element	RegPRECISE
L20_leader	LMB90_RS05680	RF00558	RNA Regulatory Element	RegPRECISE
L20_leader	LMB90_RS05685	RF00558	RNA Regulatory Element	RegPRECISE
L20_leader	LMB90_RS05690	RF00558	RNA Regulatory Element	RegPRECISE
L21_leader	LMB90_RS07765	RF00559	RNA Regulatory Element	RegPRECISE
L21_leader	LMB90_RS07770	RF00559	RNA Regulatory Element	RegPRECISE
Lysine	LMB90_RS02935	RF00168	RNA Regulatory Element	RegPRECISE
Lysine	LMB90_RS06285	RF00168	RNA Regulatory Element	RegPRECISE
Lysine	LMB90_RS06290	RF00168	RNA Regulatory Element	RegPRECISE
Lysine	LMB90_RS06300	RF00168	RNA Regulatory Element	RegPRECISE
Lysine	LMB90_RS06305	RF00168	RNA Regulatory Element	RegPRECISE
Lysine	LMB90_RS06310	RF00168	RNA Regulatory Element	RegPRECISE
Lysine	LMB90_RS06315	RF00168	RNA Regulatory Element	RegPRECISE
Purine	LMB90_RS08810	RF00167	RNA Regulatory Element	RegPRECISE
S15	LMB90_RS06450	RF00114	RNA Regulatory Element	RegPRECISE
Rex	LMB90_RS03915	LAR_0341	Transcription Factor	RegPRECISE
Rex	LMB90_RS08735	LAR_0341	Transcription Factor	RegPRECISE
Rex	LMB90_RS02330	LAR_0341	Transcription Factor	RegPRECISE
Rex	LMB90_RS02515	LAR_0341	Transcription Factor	RegPRECISE
Rex	LMB90_RS04065	LAR_0341	Transcription Factor	RegPRECISE
MntR	LMB90_RS08630	LAR_1415	Transcription Factor	RegPRECISE
T-box(Ala)	LMB90_RS05945	RF00230	RNA Regulatory Element	RegPRECISE
T-box(Asn)	LMB90_RS08520	RF00230	RNA Regulatory Element	RegPRECISE
T-box(Asn)	LMB90_RS08515	RF00230	RNA Regulatory Element	RegPRECISE
T-box(Asp)	LMB90_RS08515	RF00230	RNA Regulatory Element	RegPRECISE
T-box(Asp)	LMB90_RS03495	RF00230	RNA Regulatory Element	RegPRECISE
T-box(Arg)	LMB90_RS05535	RF00230	RNA Regulatory Element	RegPRECISE
T-box(Gly)	LMB90_RS03570	RF00230	RNA Regulatory Element	RegPRECISE
T-box(Gly)	LMB90_RS03575	RF00230	RNA Regulatory Element	RegPRECISE
T-box(Ile)	LMB90_RS08920	RF00230	RNA Regulatory Element	RegPRECISE
T-box(Ile)	LMB90_RS00355	RF00230	RNA Regulatory Element	RegPRECISE
T-box(Leu)	LMB90_RS05400	RF00230	RNA Regulatory Element	RegPRECISE
T-box(Met)	LMB90_RS08325	RF00230	RNA Regulatory Element	RegPRECISE
T-box(Met)	LMB90_RS08595	RF00230	RNA Regulatory Element	RegPRECISE
T-box(Met)	LMB90_RS08070	RF00230	RNA Regulatory Element	RegPRECISE
T-box(Met)	LMB90_RS08065	RF00230	RNA Regulatory Element	RegPRECISE
T-box(Met)	LMB90_RS00620	RF00230	RNA Regulatory Element	RegPRECISE
T-box(Met)	LMB90_RS00615	RF00230	RNA Regulatory Element	RegPRECISE
T-box(Met)	LMB90_RS00610	RF00230	RNA Regulatory Element	RegPRECISE
T-box(Met)	LMB90_RS00605	RF00230	RNA Regulatory Element	RegPRECISE
T-box(Met)	LMB90_RS01580	RF00230	RNA Regulatory Element	RegPRECISE
T-box(Met)	LMB90_RS01585	RF00230	RNA Regulatory Element	RegPRECISE
T-box(Met)	LMB90_RS07725	RF00230	RNA Regulatory Element	RegPRECISE
T-box(Met)	LMB90_RS07730	RF00230	RNA Regulatory Element	RegPRECISE
T-box(Phe)	LMB90_RS05210	RF00230	RNA Regulatory Element	RegPRECISE
T-box(Phe)	LMB90_RS05205	RF00230	RNA Regulatory Element	RegPRECISE
T-box(Pro)	LMB90_RS03940	RF00230	RNA Regulatory Element	RegPRECISE
T-box(Pro)	LMB90_RS03950	RF00230	RNA Regulatory Element	RegPRECISE
T-box(Ser)	LMB90_RS07560	RF00230	RNA Regulatory Element	RegPRECISE
T-box(Thr)	LMB90_RS08620	RF00230	RNA Regulatory Element	RegPRECISE
T-box(Trp)	LMB90_RS00695	RF00230	RNA Regulatory Element	RegPRECISE
T-box(Tyr)	LMB90_RS02550	RF00230	RNA Regulatory Element	RegPRECISE
T-box(Val)	LMB90_RS06090	RF00230	RNA Regulatory Element	RegPRECISE
SdaR	LMB90_RS06320	LAR_0599	Transcription Factor	RegPRECISE
CopR	LMB90_RS01755	LAR_0894	Transcription Factor	RegPRECISE
CopR	LMB90_RS04630	LAR_0894	Transcription Factor	RegPRECISE
CopR	LMB90_RS04635	LAR_0894	Transcription Factor	RegPRECISE
CopR	LMB90_RS04640	LAR_0894	Transcription Factor	RegPRECISE
FabT	LMB90_RS01235	LAR_0928	Transcription Factor	RegPRECISE
FabT	LMB90_RS01230	LAR_0928	Transcription Factor	RegPRECISE
FabT	LMB90_RS01225	LAR_0928	Transcription Factor	RegPRECISE
FabT	LMB90_RS01220	LAR_0928	Transcription Factor	RegPRECISE
FabT	LMB90_RS01215	LAR_0928	Transcription Factor	RegPRECISE
FabT	LMB90_RS01210	LAR_0928	Transcription Factor	RegPRECISE
FabT	LMB90_RS01205	LAR_0928	Transcription Factor	RegPRECISE
FabT	LMB90_RS01200	LAR_0928	Transcription Factor	RegPRECISE
FabT	LMB90_RS01195	LAR_0928	Transcription Factor	RegPRECISE
FabT	LMB90_RS01190	LAR_0928	Transcription Factor	RegPRECISE
FabT	LMB90_RS01185	LAR_0928	Transcription Factor	RegPRECISE
FabT	LMB90_RS01180	LAR_0928	Transcription Factor	RegPRECISE
FabT	LMB90_RS01240	LAR_0928	Transcription Factor	RegPRECISE
MalR	LMB90_RS02450	LAR_0049	Transcription Factor	RegPRECISE
MalR	LMB90_RS02455	LAR_0049	Transcription Factor	RegPRECISE
MalR	LMB90_RS02455	LAR_0049	Transcription Factor	RegPRECISE
MalR	LMB90_RS02460	LAR_0049	Transcription Factor	RegPRECISE
DeoR	LMB90_RS07630	LAR_0109	Transcription Factor	RegPRECISE
DeoR	LMB90_RS07635	LAR_0109	Transcription Factor	RegPRECISE
DeoR	LMB90_RS07640	LAR_0109	Transcription Factor	RegPRECISE
DeoR	LMB90_RS07645	LAR_0109	Transcription Factor	RegPRECISE
DeoR	LMB90_RS07580	LAR_0109	Transcription Factor	RegPRECISE
PerR	LMB90_RS08110	LAR_1232	Transcription Factor	RegPRECISE
PerR	LMB90_RS08115	LAR_1232	Transcription Factor	RegPRECISE
PerR	LMB90_RS02890	LAR_1232	Transcription Factor	RegPRECISE
PerR	LMB90_RS02895	LAR_1232	Transcription Factor	RegPRECISE
PerR	LMB90_RS05385	LAR_1232	Transcription Factor	RegPRECISE
PerR	LMB90_RS05380	LAR_1232	Transcription Factor	RegPRECISE
RbsR	LMB90_RS05445	LAR_1219	Transcription Factor	RegPRECISE
RbsR	LMB90_RS05450	LAR_1219	Transcription Factor	RegPRECISE
ArgR	LMB90_RS03505	LAR_0436/LAR_1111	Transcription Factor	RegPRECISE
ArgR	LMB90_RS03500	LAR_0436/LAR_1111	Transcription Factor	RegPRECISE
ArgR	LMB90_RS03525	LAR_0436/LAR_1111	Transcription Factor	RegPRECISE
ArgR	LMB90_RS03530	LAR_0436/LAR_1111	Transcription Factor	RegPRECISE
ArgR	LMB90_RS07510	LAR_0436/LAR_1111	Transcription Factor	RegPRECISE
ArgR	LMB90_RS07505	LAR_0436/LAR_1111	Transcription Factor	RegPRECISE
GalR	LMB90_RS04935	LAR_0856/LAR_1660	Transcription Factor	RegPRECISE
GalR	LMB90_RS04940	LAR_0856/LAR_1660	Transcription Factor	RegPRECISE
GalR	LMB90_RS01945	LAR_0856/LAR_1660	Transcription Factor	RegPRECISE
GalR	LMB90_RS01950	LAR_0856/LAR_1660	Transcription Factor	RegPRECISE
GalR	LMB90_RS09120	LAR_0856/LAR_1660	Transcription Factor	RegPRECISE
GalR	LMB90_RS09125	LAR_0856/LAR_1660	Transcription Factor	RegPRECISE
GalR	LMB90_RS09130	LAR_0856/LAR_1660	Transcription Factor	RegPRECISE
HrcA	LMB90_RS03910	LAR_0677	Transcription Factor	RegPRECISE
HrcA	LMB90_RS03905	LAR_0677	Transcription Factor	RegPRECISE
HrcA	LMB90_RS02690	LAR_0677	Transcription Factor	RegPRECISE
HrcA	LMB90_RS06775	LAR_0677	Transcription Factor	RegPRECISE
HrcA	LMB90_RS06780	LAR_0677	Transcription Factor	RegPRECISE
HrcA	LMB90_RS06785	LAR_0677	Transcription Factor	RegPRECISE
HrcA	LMB90_RS06790	LAR_0677	Transcription Factor	RegPRECISE
HrcA	LMB90_RS04335	LAR_0677	Transcription Factor	RegPRECISE
Zur	LMB90_RS00765	LAR_1528	Transcription Factor	RegPRECISE
Zur	LMB90_RS00755	LAR_1528	Transcription Factor	RegPRECISE
Zur	LMB90_RS00760	LAR_1528	Transcription Factor	RegPRECISE
NrdR	LMB90_RS05295	LAR_1178	Transcription Factor	RegPRECISE
NrdR	LMB90_RS05300	LAR_1178	Transcription Factor	RegPRECISE
NrdR	LMB90_RS09080	LAR_1178	Transcription Factor	RegPRECISE
NrdR	LMB90_RS04050	LAR_1178	Transcription Factor	RegPRECISE
NrdR	LMB90_RS04055	LAR_1178	Transcription Factor	RegPRECISE
NrdR	LMB90_RS04060	LAR_1178	Transcription Factor	RegPRECISE
NrdR	LMB90_RS05435	LAR_1178	Transcription Factor	RegPRECISE
LacR	LMB90_RS08045	LAR_1034	Transcription Factor	RegPRECISE
LacR	LMB90_RS08050	LAR_1034	Transcription Factor	RegPRECISE
MalR3	LMB90_RS07495	LAR_0083	Transcription Factor	RegPRECISE
MalR3	LMB90_RS07500	LAR_0083	Transcription Factor	RegPRECISE
GntR2	LMB90_RS03845	LAR_0764	Transcription Factor	RegPRECISE
CtsR	LMB90_RS06775	LAR_1405	Transcription Factor	RegPRECISE
CtsR	LMB90_RS06780	LAR_1405	Transcription Factor	RegPRECISE
CtsR	LMB90_RS06785	LAR_1405	Transcription Factor	RegPRECISE
CtsR	LMB90_RS06790	LAR_1405	Transcription Factor	RegPRECISE
CtsR	LMB90_RS04335	LAR_1405	Transcription Factor	RegPRECISE
CtsR	LMB90_RS03910	LAR_1405	Transcription Factor	RegPRECISE
CtsR	LMB90_RS03910	LAR_1405	Transcription Factor	RegPRECISE
CtsR	LMB90_RS02690	LAR_1405	Transcription Factor	RegPRECISE
LexA	LMB90_RS04300	LAR_0650	Transcription Factor	RegPRECISE
LexA	LMB90_RS04305	LAR_0650	Transcription Factor	RegPRECISE
LexA	LMB90_RS06640	LAR_0650	Transcription Factor	RegPRECISE
LexA	LMB90_RS05995	LAR_0650	Transcription Factor	RegPRECISE
LexA	LMB90_RS03775	LAR_0650	Transcription Factor	RegPRECISE
LexA	LMB90_RS03780	LAR_0650	Transcription Factor	RegPRECISE
LexA	LMB90_RS02430	LAR_0650	Transcription Factor	RegPRECISE
LexA	LMB90_RS02435	LAR_0650	Transcription Factor	RegPRECISE
LexA	LMB90_RS05355	LAR_0650	Transcription Factor	RegPRECISE
BirA	LMB90_RS03535	LAR_0705	Transcription Factor	RegPRECISE
BirA	LMB90_RS03540	LAR_0705	Transcription Factor	RegPRECISE
YwzG	LMB90_RS05095	LAR_0307	Transcription Factor	RegPRECISE
YwzG	LMB90_RS05100	LAR_0307	Transcription Factor	RegPRECISE
YwzG	LMB90_RS05105	LAR_0307	Transcription Factor	RegPRECISE
MleR	LMB90_RS02765	LAR_1442/LAR_1437	Transcription Factor	RegPRECISE
MleR	LMB90_RS02770	LAR_1442/LAR_1437	Transcription Factor	RegPRECISE
CzcR1	LMB90_RS08850	LAR_1706	Transcription Factor	RegPRECISE
CzcR1	LMB90_RS08845	LAR_1706	Transcription Factor	RegPRECISE
YxeR	LMB90_RS08640	LAR_1741	Transcription Factor	RegPRECISE
YxeR	LMB90_RS08645	LAR_1741	Transcription Factor	RegPRECISE
YxeR	LMB90_RS08650	LAR_1741	Transcription Factor	RegPRECISE
SMK_box_riboswitch	LMB90_RS05395	RF01767	RNA Regulatory Element	RegPRECISE
