regulator,gene_id,effect
NagR,LMB90_RS04880,repression
PurR,LMB90_RS02605,repression
PurR,LMB90_RS02600,repression
PurR,LMB90_RS02595,repression
PurR,LMB90_RS02590,repression
PurR,LMB90_RS02585,repression
PurR,LMB90_RS02580,repression
PurR,LMB90_RS02575,repression
PurR,LMB90_RS02570,repression
PurR,LMB90_RS02565,repression
PurR,LMB90_RS02620,repression
PurR,LMB90_RS02615,repression
PurR,LMB90_RS00770,repression
PurR,LMB90_RS00775,repression
CcpA,LMB90_RS04435,repression
CcpA,LMB90_RS04440,repression
CcpA,LMB90_RS04445,repression
CcpA,LMB90_RS07445,repression
CcpA,LMB90_RS07495,repression
CcpA,LMB90_RS07500,repression
CcpA,LMB90_RS06220,repression
CcpA,LMB90_RS06215,repression
CcpA,LMB90_RS06210,repression
CcpA,LMB90_RS06205,repression
CcpA,LMB90_RS00685,repression
CcpA,LMB90_RS01970,repression
CcpA,LMB90_RS01965,repression
CcpA,LMB90_RS09730,repression
CcpA,LMB90_RS04260,repression
CcpA,LMB90_RS04255,repression
CcpA,LMB90_RS04250,repression
CcpA,LMB90_RS03620,repression
CcpA,LMB90_RS02330,repression
CcpA,LMB90_RS08045,repression
CcpA,LMB90_RS08050,repression
CcpA,LMB90_RS04065,repression
CcpA,LMB90_RS02350,repression
CcpA,LMB90_RS02680,repression
CcpA,LMB90_RS02675,repression
CcpA,LMB90_RS06365,repression
CcpA,LMB90_RS06370,repression
CcpA,LMB90_RS06375,repression
CcpA,LMB90_RS06380,repression
CcpA,LMB90_RS07080,repression
CcpA,LMB90_RS04935,repression
CcpA,LMB90_RS04940,repression
CcpA,LMB90_RS09695,repression
CcpA,LMB90_RS09700,repression
CcpA,LMB90_RS04470,repression
CcpA,LMB90_RS07520,repression
CcpA,LMB90_RS09120,repression
CcpA,LMB90_RS09125,repression
CcpA,LMB90_RS09130,repression
CcpA,LMB90_RS04520,repression
CcpA,LMB90_RS07000,repression
CcpA,LMB90_RS04610,repression
CcpA,LMB90_RS04615,repression
CcpA,LMB90_RS04690,repression
CcpA,LMB90_RS04695,repression
CcpA,LMB90_RS04700,repression
CcpA,LMB90_RS09705,repression
CcpA,LMB90_RS09710,repression
CcpA,LMB90_RS04435,repression
CcpA,LMB90_RS04440,repression
AraR,LMB90_RS06220,repression
AraR,LMB90_RS06215,repression
AraR,LMB90_RS06210,repression
AraR,LMB90_RS06205,repression
L10_leader,LMB90_RS05070
L10_leader,LMB90_RS05075
TPP Riboswitch,LMB90_RS07175
TPP Riboswitch,LMB90_RS07170
TPP Riboswitch,LMB90_RS07165
TPP Riboswitch,LMB90_RS01555
TPP Riboswitch,LMB90_RS01410
TPP Riboswitch,LMB90_RS01415
TPP Riboswitch,LMB90_RS01420
FMN-Box (Riboswitch),LMB90_RS02110,transcription termination
FMN-Box (Riboswitch),LMB90_RS02105,transcription termination
FMN-Box (Riboswitch),LMB90_RS02100,transcription termination
FMN-Box (Riboswitch),LMB90_RS02095,transcription termination
PyrR,LMB90_RS00950
PyrR,LMB90_RS00955
PyrR,LMB90_RS07685
PyrR,LMB90_RS07690
PyrR,LMB90_RS07695
PyrR,LMB90_RS07700
PyrR,LMB90_RS07705
PyrR,LMB90_RS07510
PyrR,LMB90_RS07505
PyrR,LMB90_RS04770
L13_leader,LMB90_RS03200
L13_leader,LMB90_RS03205
L19_leader,LMB90_RS07980
L20_leader,LMB90_RS05680
L20_leader,LMB90_RS05685
L20_leader,LMB90_RS05690
L21_leader,LMB90_RS07765
L21_leader,LMB90_RS07770
Lysine,LMB90_RS02935
Lysine,LMB90_RS06285
Lysine,LMB90_RS06290
Lysine,LMB90_RS06300
Lysine,LMB90_RS06305
Lysine,LMB90_RS06310
Lysine,LMB90_RS06315
Purine,LMB90_RS08810
S15,LMB90_RS06450
Rex,LMB90_RS03915
Rex,LMB90_RS08735
Rex,LMB90_RS02330
Rex,LMB90_RS02515
Rex,LMB90_RS04065
MntR,LMB90_RS08630
T-box(Ala),LMB90_RS05945
T-box(Asn),LMB90_RS08520
T-box(Asn),LMB90_RS08515
T-box(Asp),LMB90_RS08515
T-box(Asp),LMB90_RS03495
T-box(Arg),LMB90_RS05535
T-box(Gly),LMB90_RS03570
T-box(Gly),LMB90_RS03575
T-box(Ile),LMB90_RS08920
T-box(Ile),LMB90_RS00355
T-box(Leu),LMB90_RS05400
T-box(Met),LMB90_RS08325
T-box(Met),LMB90_RS08595
T-box(Met),LMB90_RS08070
T-box(Met),LMB90_RS08065
T-box(Met),LMB90_RS00620
T-box(Met),LMB90_RS00615
T-box(Met),LMB90_RS00610
T-box(Met),LMB90_RS00605
T-box(Met),LMB90_RS01580
T-box(Met),LMB90_RS01585
T-box(Met),LMB90_RS07725
T-box(Met),LMB90_RS07730
T-box(Phe),LMB90_RS05210
T-box(Phe),LMB90_RS05205
T-box(Pro),LMB90_RS03940
T-box(Pro),LMB90_RS03950
T-box(Ser),LMB90_RS07560
T-box(Thr),LMB90_RS08620
T-box(Trp),LMB90_RS00695
T-box(Tyr),LMB90_RS02550
T-box(Val),LMB90_RS06090
SdaR,LMB90_RS06320
CopR,LMB90_RS01755
CopR,LMB90_RS04630
CopR,LMB90_RS04635
CopR,LMB90_RS04640
FabT,LMB90_RS01235
FabT,LMB90_RS01230
FabT,LMB90_RS01225
FabT,LMB90_RS01220
FabT,LMB90_RS01215
FabT,LMB90_RS01210
FabT,LMB90_RS01205
FabT,LMB90_RS01200
FabT,LMB90_RS01195
FabT,LMB90_RS01190
FabT,LMB90_RS01185
FabT,LMB90_RS01180
FabT,LMB90_RS01240
MalR,LMB90_RS02450
MalR,LMB90_RS02455
MalR,LMB90_RS02455
MalR,LMB90_RS02460
DeoR,LMB90_RS07630
DeoR,LMB90_RS07635
DeoR,LMB90_RS07640
DeoR,LMB90_RS07645
DeoR,LMB90_RS07580
PerR,LMB90_RS08110
PerR,LMB90_RS08115
PerR,LMB90_RS02890
PerR,LMB90_RS02895
PerR,LMB90_RS05385
PerR,LMB90_RS05380
RbsR,LMB90_RS05445
RbsR,LMB90_RS05450
ArgR,LMB90_RS03505
ArgR,LMB90_RS03500
ArgR,LMB90_RS03525
ArgR,LMB90_RS03530
ArgR,LMB90_RS07510
ArgR,LMB90_RS07505
GalR,LMB90_RS04935
GalR,LMB90_RS04940
GalR,LMB90_RS01945
GalR,LMB90_RS01950
GalR,LMB90_RS09120
GalR,LMB90_RS09125
GalR,LMB90_RS09130
HrcA,LMB90_RS03910
HrcA,LMB90_RS03905
HrcA,LMB90_RS02690
HrcA,LMB90_RS06775
HrcA,LMB90_RS06780
HrcA,LMB90_RS06785
HrcA,LMB90_RS06790
HrcA,LMB90_RS04335
Zur,LMB90_RS00765
Zur,LMB90_RS00755
Zur,LMB90_RS00760
NrdR,LMB90_RS05295
NrdR,LMB90_RS05300
NrdR,LMB90_RS09080
NrdR,LMB90_RS04050
NrdR,LMB90_RS04055
NrdR,LMB90_RS04060
NrdR,LMB90_RS05435
LacR,LMB90_RS08045
LacR,LMB90_RS08050
MalR3,LMB90_RS07495
MalR3,LMB90_RS07500
GntR2,LMB90_RS03845
CtsR,LMB90_RS06775
CtsR,LMB90_RS06780
CtsR,LMB90_RS06785
CtsR,LMB90_RS06790
CtsR,LMB90_RS04335
CtsR,LMB90_RS03910
CtsR,LMB90_RS03910
CtsR,LMB90_RS02690
LexA,LMB90_RS04300
LexA,LMB90_RS04305
LexA,LMB90_RS06640
LexA,LMB90_RS05995
LexA,LMB90_RS03775
LexA,LMB90_RS03780
LexA,LMB90_RS02430
LexA,LMB90_RS02435
LexA,LMB90_RS05355
BirA,LMB90_RS03535
BirA,LMB90_RS03540
YwzG,LMB90_RS05095
YwzG,LMB90_RS05100
YwzG,LMB90_RS05105
MleR,LMB90_RS02765
MleR,LMB90_RS02770
CzcR1,LMB90_RS08850
CzcR1,LMB90_RS08845
YxeR,LMB90_RS08640
YxeR,LMB90_RS08645
YxeR,LMB90_RS08650
SMK_box_riboswitch,LMB90_RS05395
PLP-aminotransferase,LMB90_RS09330
PLP-aminotransferase,LMB90_RS09325
