Experiment,Sample_Name,Date,Condition_Number,Base_Media,Main_Substrate,LibraryLayout,Platform,SRA_Run,Supplements,pH,Temperature,Cells harvest after 0.5OD,Sample Name (for sample sheet),project,reference_condition,condition,"fastq folder name, run date and/or core/insturment name",R1,R2,,,
LAC_001,Lactobacillus_1_Rep_2,210526,1,CDM,10g/L glucose,PAIRED,ILLUMINA,NA,Control ,,37,8hrs,LAC_HRS_Lactobacillus_1_Rep_2,Lactobacillus_100_Conditions_LAC,CDM_glu,CDM_glu,210613 Run on  IGM NovaSeq Lane 1,s3://sbrg-user-data/rakanksha227/DTU_Lactobacillus/LAC_HRS_Lactobacillus_1_Rep_2_S68_L001_R1_001.fastq.gz,s3://sbrg-user-data/rakanksha227/DTU_Lactobacillus/LAC_HRS_Lactobacillus_1_Rep_2_S68_L001_R2_001.fastq.gz,,,
LAC_002,Lactobacillus_1_Rep_1,210526,1,CDM,10g/L glucose,PAIRED,ILLUMINA,NA,Control ,,37,8hrs,LAC_HRS_Lactobacillus_1_Rep_1,Lactobacillus_100_Conditions_LAC,CDM_glu,CDM_glu,210613 Run on  IGM NovaSeq Lane 1,s3://sbrg-user-data/rakanksha227/DTU_Lactobacillus/LAC_HRS_Lactobacillus_1_Rep_1_S69_L001_R1_001.fastq.gz,s3://sbrg-user-data/rakanksha227/DTU_Lactobacillus/LAC_HRS_Lactobacillus_1_Rep_1_S69_L001_R2_001.fastq.gz,,,
LAC_003,Lactobacillus_2_Rep_1,210526,2,CDM,10g/L glucose,PAIRED,ILLUMINA,NA,NH4Cl,,37,24hrs,LAC_HRS_Lactobacillus_2_Rep_1,Lactobacillus_100_Conditions_LAC,CDM_glu,CDM_glu_NH4Cl,210613 Run on IGM NovaSeq Lane 2,s3://sbrg-user-data/rakanksha227/DTU_Lactobacillus/LAC_HRS_Lactobacillus_2_Rep_1_S98_L002_R1_001.fastq.gz,s3://sbrg-user-data/rakanksha227/DTU_Lactobacillus/LAC_HRS_Lactobacillus_2_Rep_1_S98_L002_R2_001.fastq.gz,,,
LAC_004,Lactobacillus_2_Rep_2,210526,2,CDM,10g/L glucose,PAIRED,ILLUMINA,NA,NH4Cl,,37,24hrs,LAC_HRS_Lactobacillus_2_Rep_2,Lactobacillus_100_Conditions_LAC,CDM_glu,CDM_glu_NH4Cl,210613 Run on IGM NovaSeq Lane 2,s3://sbrg-user-data/rakanksha227/DTU_Lactobacillus/LAC_HRS_Lactobacillus_2_Rep_2_S99_L002_R1_001.fastq.gz,s3://sbrg-user-data/rakanksha227/DTU_Lactobacillus/LAC_HRS_Lactobacillus_2_Rep_2_S99_L002_R2_001.fastq.gz,,,
LAC_005,Lactobacillus_4_Rep_1,210526,4,CDM,10g/L galactose,PAIRED,ILLUMINA,NA,,,37,8hrs,LAC_HRS_Lactobacillus_4_Rep_1,Lactobacillus_100_Conditions_LAC,CDM_glu,CDM_gal,210613 Run on IGM NovaSeq Lane 2,s3://sbrg-user-data/rakanksha227/DTU_Lactobacillus/LAC_HRS_Lactobacillus_4_Rep_1_S100_L002_R1_001.fastq.gz,s3://sbrg-user-data/rakanksha227/DTU_Lactobacillus/LAC_HRS_Lactobacillus_4_Rep_1_S100_L002_R2_001.fastq.gz,,,
LAC_006,Lactobacillus_4_Rep_2,210526,4,CDM,10g/L galactose,PAIRED,ILLUMINA,NA,,,37,8hrs,LAC_HRS_Lactobacillus_4_Rep_2,Lactobacillus_100_Conditions_LAC,CDM_glu,CDM_gal,210613 Run on IGM NovaSeq Lane 2,s3://sbrg-user-data/rakanksha227/DTU_Lactobacillus/LAC_HRS_Lactobacillus_4_Rep_2_S101_L002_R1_001.fastq.gz,s3://sbrg-user-data/rakanksha227/DTU_Lactobacillus/LAC_HRS_Lactobacillus_4_Rep_2_S101_L002_R2_001.fastq.gz,,,
LAC_007,Lactobacillus_5_Rep_1,210526,5,CDM,10g/L lactose,PAIRED,ILLUMINA,NA,,,37,8hrs,LAC_HRS_Lactobacillus_5_Rep_1,Lactobacillus_100_Conditions_LAC,CDM_glu,CDM_lac,210613 Run on IGM NovaSeq Lane 2,s3://sbrg-user-data/rakanksha227/DTU_Lactobacillus/LAC_HRS_Lactobacillus_5_Rep_1_S102_L002_R1_001.fastq.gz,s3://sbrg-user-data/rakanksha227/DTU_Lactobacillus/LAC_HRS_Lactobacillus_5_Rep_1_S102_L002_R2_001.fastq.gz,,,
LAC_008,Lactobacillus_5_Rep_2,210526,5,CDM,10g/L lactose,PAIRED,ILLUMINA,NA,,,37,8hrs,LAC_HRS_Lactobacillus_5_Rep_2,Lactobacillus_100_Conditions_LAC,CDM_glu,CDM_lac,210613 Run on IGM NovaSeq Lane 2,s3://sbrg-user-data/rakanksha227/DTU_Lactobacillus/LAC_HRS_Lactobacillus_5_Rep_2_S103_L002_R1_001.fastq.gz,s3://sbrg-user-data/rakanksha227/DTU_Lactobacillus/LAC_HRS_Lactobacillus_5_Rep_2_S103_L002_R2_001.fastq.gz,,,
LAC_009,Lactobacillus_15_Rep_1,210526,15,CDM,5g/L glucose,PAIRED,ILLUMINA,NA,5g/L glycerol,,37,8hrs,LAC_HRS_Lactobacillus_15_Rep_1,Lactobacillus_100_Conditions_LAC,CDM_glu,CDM_gly,210613 Run on IGM NovaSeq Lane 2,s3://sbrg-user-data/rakanksha227/DTU_Lactobacillus/LAC_HRS_Lactobacillus_15_Rep_1_S105_L002_R1_001.fastq.gz,s3://sbrg-user-data/rakanksha227/DTU_Lactobacillus/LAC_HRS_Lactobacillus_15_Rep_1_S105_L002_R2_001.fastq.gz,,,
LAC_010,Lactobacillus_15_Rep_2,210526,15,CDM,5g/L glucose,PAIRED,ILLUMINA,NA,5g/L glycerol,,37,8hrs,LAC_HRS_Lactobacillus_15_Rep_2,Lactobacillus_100_Conditions_LAC,CDM_glu,CDM_gly,210613 Run on IGM NovaSeq Lane 2,s3://sbrg-user-data/rakanksha227/DTU_Lactobacillus/LAC_HRS_Lactobacillus_15_Rep_2_S104_L002_R1_001.fastq.gz,s3://sbrg-user-data/rakanksha227/DTU_Lactobacillus/LAC_HRS_Lactobacillus_15_Rep_2_S104_L002_R2_001.fastq.gz,,,
LAC_011,Lactobacillus_16_Rep_1,210526,16,CDM,5g/L glucose,PAIRED,ILLUMINA,NA,5g/L pektin,,37,8hrs,LAC_HRS_Lactobacillus_16_Rep_1,Lactobacillus_100_Conditions_LAC,CDM_glu,CDM_pek,210613 Run on IGM NovaSeq Lane 2,s3://sbrg-user-data/rakanksha227/DTU_Lactobacillus/LAC_HRS_Lactobacillus_16_Rep_1_S107_L002_R1_001.fastq.gz,s3://sbrg-user-data/rakanksha227/DTU_Lactobacillus/LAC_HRS_Lactobacillus_16_Rep_1_S107_L002_R2_001.fastq.gz,,,
LAC_012,Lactobacillus_16_Rep_2,210526,16,CDM,5g/L glucose,PAIRED,ILLUMINA,NA,5g/L pektin,,37,8hrs,LAC_HRS_Lactobacillus_16_Rep_2,Lactobacillus_100_Conditions_LAC,CDM_glu,CDM_pek,210613 Run on IGM NovaSeq Lane 2,s3://sbrg-user-data/rakanksha227/DTU_Lactobacillus/LAC_HRS_Lactobacillus_16_Rep_2_S106_L002_R1_001.fastq.gz,s3://sbrg-user-data/rakanksha227/DTU_Lactobacillus/LAC_HRS_Lactobacillus_16_Rep_2_S106_L002_R2_001.fastq.gz,,,
LAC_013,Lactobacillus_17_Rep_1,210530,17,CDM,5g/L glucose,PAIRED,ILLUMINA,NA,5g/L starch,,37,8hrs,LAC_HRS_Lactobacillus_17_Rep_1,Lactobacillus_100_Conditions_LAC,CDM_glu,CDM_starch,210613 Run on IGM NovaSeq Lane 2,s3://sbrg-user-data/rakanksha227/DTU_Lactobacillus/LAC_HRS_Lactobacillus_17_Rep_1_S142_L002_R1_001.fastq.gz,s3://sbrg-user-data/rakanksha227/DTU_Lactobacillus/LAC_HRS_Lactobacillus_17_Rep_1_S142_L002_R2_001.fastq.gz,,,
LAC_014,Lactobacillus_17_Rep_2,210530,17,CDM,5g/L glucose,PAIRED,ILLUMINA,NA,5g/L starch,,37,8hrs,LAC_HRS_Lactobacillus_17_Rep_2,Lactobacillus_100_Conditions_LAC,CDM_glu,CDM_starch,210613 Run on IGM NovaSeq Lane 2,s3://sbrg-user-data/rakanksha227/DTU_Lactobacillus/LAC_HRS_Lactobacillus_17_Rep_2_S141_L002_R1_001.fastq.gz,s3://sbrg-user-data/rakanksha227/DTU_Lactobacillus/LAC_HRS_Lactobacillus_17_Rep_2_S141_L002_R2_001.fastq.gz,,,
LAC_015,Lactobacillus_18_Rep_1,210530,18,CDM,10g/L glucose,PAIRED,ILLUMINA,NA,,,30,,LAC_HRS_Lactobacillus_18_Rep_1,Lactobacillus_100_Conditions_LAC,CDM_glu,,210613 Run on IGM NovaSeq Lane 2,s3://sbrg-user-data/rakanksha227/DTU_Lactobacillus/LAC_HRS_Lactobacillus_18_Rep_1_S143_L002_R1_001.fastq.gz,s3://sbrg-user-data/rakanksha227/DTU_Lactobacillus/LAC_HRS_Lactobacillus_18_Rep_1_S143_L002_R2_001.fastq.gz,,,
LAC_016,Lactobacillus_18_Rep_2,210530,18,CDM,10g/L glucose,PAIRED,ILLUMINA,NA,,,30,,LAC_HRS_Lactobacillus_18_Rep_2,Lactobacillus_100_Conditions_LAC,CDM_glu,,210613 Run on IGM NovaSeq Lane 2,s3://sbrg-user-data/rakanksha227/DTU_Lactobacillus/LAC_HRS_Lactobacillus_18_Rep_2_S144_L002_R1_001.fastq.gz,s3://sbrg-user-data/rakanksha227/DTU_Lactobacillus/LAC_HRS_Lactobacillus_18_Rep_2_S144_L002_R2_001.fastq.gz,,,
LAC_017,Lactobacillus_23_Rep_1,210530,23,CDM,10g/L glucose,PAIRED,ILLUMINA,NA,0.8 M KCl,,37,48hrs in 0.4M KCl,LAC_HRS_Lactobacillus_23_Rep_1,Lactobacillus_100_Conditions_LAC,CDM_glu,CDM_glu_KCl,210613 Run on IGM NovaSeq Lane 2,s3://sbrg-user-data/rakanksha227/DTU_Lactobacillus/LAC_HRS_Lactobacillus_23_Rep_1_S145_L002_R1_001.fastq.gz,s3://sbrg-user-data/rakanksha227/DTU_Lactobacillus/LAC_HRS_Lactobacillus_23_Rep_1_S145_L002_R2_001.fastq.gz,,,
LAC_018,Lactobacillus_23_Rep_2,210530,23,CDM,10g/L glucose,PAIRED,ILLUMINA,NA,0.8 M KCl,,37,48hrs in 0.4M KCl,LAC_HRS_Lactobacillus_23_Rep_2,Lactobacillus_100_Conditions_LAC,CDM_glu,CDM_glu_KCl,210613 Run on IGM NovaSeq Lane 2,s3://sbrg-user-data/rakanksha227/DTU_Lactobacillus/LAC_HRS_Lactobacillus_23_Rep_2_S146_L002_R1_001.fastq.gz,s3://sbrg-user-data/rakanksha227/DTU_Lactobacillus/LAC_HRS_Lactobacillus_23_Rep_2_S146_L002_R2_001.fastq.gz,,,
LAC_019,Lactobacillus_26_Rep_1,210530,26,CDM,10g/L glucose,PAIRED,ILLUMINA,NA,,6.7,37,24hrs,LAC_HRS_Lactobacillus_26_Rep_1,Lactobacillus_100_Conditions_LAC,CDM_glu,CDM_glu_pH6.7,210613 Run on IGM NovaSeq Lane 2,s3://sbrg-user-data/rakanksha227/DTU_Lactobacillus/LAC_HRS_Lactobacillus_26_Rep_1_S147_L002_R1_001.fastq.gz,s3://sbrg-user-data/rakanksha227/DTU_Lactobacillus/LAC_HRS_Lactobacillus_26_Rep_1_S147_L002_R2_001.fastq.gz,,,
LAC_020,Lactobacillus_26_Rep_2,210530,26,CDM,10g/L glucose,PAIRED,ILLUMINA,NA,,6.7,37,24hrs,LAC_HRS_Lactobacillus_26_Rep_2,Lactobacillus_100_Conditions_LAC,CDM_glu,CDM_glu_pH6.7,210613 Run on IGM NovaSeq Lane 2,s3://sbrg-user-data/rakanksha227/DTU_Lactobacillus/LAC_HRS_Lactobacillus_26_Rep_2_S148_L002_R1_001.fastq.gz,s3://sbrg-user-data/rakanksha227/DTU_Lactobacillus/LAC_HRS_Lactobacillus_26_Rep_2_S148_L002_R2_001.fastq.gz,,,
LAC_021,Lactobacillus_27_Rep_1,210530,27,CDM,10g/L glucose,PAIRED,ILLUMINA,NA,,7.4,37,24hrs,LAC_HRS_Lactobacillus_27_Rep_1,Lactobacillus_100_Conditions_LAC,CDM_glu,CDM_glu_pH7.4,210613 Run on IGM NovaSeq Lane 2,s3://sbrg-user-data/rakanksha227/DTU_Lactobacillus/LAC_HRS_Lactobacillus_27_Rep_1_S149_L002_R1_001.fastq.gz,s3://sbrg-user-data/rakanksha227/DTU_Lactobacillus/LAC_HRS_Lactobacillus_27_Rep_1_S149_L002_R2_001.fastq.gz,,,
LAC_022,Lactobacillus_27_Rep_2,210530,27,CDM,10g/L glucose,PAIRED,ILLUMINA,NA,,7.4,37,24hrs,LAC_HRS_Lactobacillus_27_Rep_2,Lactobacillus_100_Conditions_LAC,CDM_glu,CDM_glu_pH7.4,210613 Run on IGM NovaSeq Lane 2,s3://sbrg-user-data/rakanksha227/DTU_Lactobacillus/LAC_HRS_Lactobacillus_27_Rep_2_S89_L002_R1_001.fastq.gz,s3://sbrg-user-data/rakanksha227/DTU_Lactobacillus/LAC_HRS_Lactobacillus_27_Rep_2_S89_L002_R2_001.fastq.gz,,,
LAC_023,Lactobacillus_27_Rep_2,210530,27,CDM,10g/L glucose,PAIRED,ILLUMINA,NA,,7.4,37,24hrs,LAC_HRS_Lactobacillus_27_Rep_2,Lactobacillus_100_Conditions_LAC,CDM_glu,CDM_glu_pH7.4,210820 Run on IGM NovaSeq Lane 1,s3://sbrg-user-data/rakanksha227/DTU_Lactobacillus/LAC_HRS_Lactobacillus_27_Rep_2_S1_L001_R1_001.fastq.gz,s3://sbrg-user-data/rakanksha227/DTU_Lactobacillus/LAC_HRS_Lactobacillus_27_Rep_2_S1_L001_R2_001.fastq.gz,,,
LAC_024,Lactobacillus_28_Rep_1,210530,28,CDM,10g/L glucose,PAIRED,ILLUMINA,NA,1g/L glutamine,,37,15hrs,LAC_HRS_Lactobacillus_28_Rep_1,Lactobacillus_100_Conditions_LAC,CDM_glu,CDM_glut,210613 Run on IGM NovaSeq Lane 2,s3://sbrg-user-data/rakanksha227/DTU_Lactobacillus/LAC_HRS_Lactobacillus_28_Rep_1_S90_L002_R1_001.fastq.gz,s3://sbrg-user-data/rakanksha227/DTU_Lactobacillus/LAC_HRS_Lactobacillus_28_Rep_1_S90_L002_R2_001.fastq.gz,,,
LAC_025,Lactobacillus_28_Rep_2,210530,28,CDM,10g/L glucose,PAIRED,ILLUMINA,NA,1g/L glutamine,,37,15hrs,LAC_HRS_Lactobacillus_28_Rep_2,Lactobacillus_100_Conditions_LAC,CDM_glu,CDM_glut,210613 Run on IGM NovaSeq Lane 2,s3://sbrg-user-data/rakanksha227/DTU_Lactobacillus/LAC_HRS_Lactobacillus_28_Rep_2_S91_L002_R1_001.fastq.gz,s3://sbrg-user-data/rakanksha227/DTU_Lactobacillus/LAC_HRS_Lactobacillus_28_Rep_2_S91_L002_R2_001.fastq.gz,,,
LAC_026,Lactobacillus_28_Rep_1,210530,28,CDM,10g/L glucose,PAIRED,ILLUMINA,NA,1g/L glutamine,,37,15hrs,LAC_HRS_Lactobacillus_28_Rep_1,Lactobacillus_100_Conditions_LAC,CDM_glu,CDM_glut,210820 Run on IGM NovaSeq Lane 1,s3://sbrg-user-data/rakanksha227/DTU_Lactobacillus/LAC_HRS_Lactobacillus_28_Rep_1_S2_L001_R1_001.fastq.gz,s3://sbrg-user-data/rakanksha227/DTU_Lactobacillus/LAC_HRS_Lactobacillus_28_Rep_1_S2_L001_R2_001.fastq.gz,,,
LAC_027,Lactobacillus_28_Rep_2,210530,28,CDM,10g/L glucose,PAIRED,ILLUMINA,NA,1g/L glutamine,,37,15hrs,LAC_HRS_Lactobacillus_28_Rep_2,Lactobacillus_100_Conditions_LAC,CDM_glu,CDM_glut,210820 Run on IGM NovaSeq Lane 1,s3://sbrg-user-data/rakanksha227/DTU_Lactobacillus/LAC_HRS_Lactobacillus_28_Rep_2_S3_L001_R1_001.fastq.gz,s3://sbrg-user-data/rakanksha227/DTU_Lactobacillus/LAC_HRS_Lactobacillus_28_Rep_2_S3_L001_R2_001.fastq.gz,,,
LAC_028,Lactobacillus_29_Rep_1,210530,29,CDM,10g/L glucose,PAIRED,ILLUMINA,NA,w/o glutamine,,37,15hrs,LAC_HRS_Lactobacillus_29_Rep_1,Lactobacillus_100_Conditions_LAC,CDM_glu,CDM_wo_glut,210613 Run on IGM NovaSeq Lane 2,s3://sbrg-user-data/rakanksha227/DTU_Lactobacillus/LAC_HRS_Lactobacillus_29_Rep_1_S92_L002_R1_001.fastq.gz,s3://sbrg-user-data/rakanksha227/DTU_Lactobacillus/LAC_HRS_Lactobacillus_29_Rep_1_S92_L002_R2_001.fastq.gz,,,
LAC_029,Lactobacillus_29_Rep_2,210530,29,CDM,10g/L glucose,PAIRED,ILLUMINA,NA,w/o glutamine,,37,15hrs,LAC_HRS_Lactobacillus_29_Rep_2,Lactobacillus_100_Conditions_LAC,CDM_glu,CDM_wo_glut,210613 Run on IGM NovaSeq Lane 2,s3://sbrg-user-data/rakanksha227/DTU_Lactobacillus/LAC_HRS_Lactobacillus_29_Rep_2_S93_L002_R1_001.fastq.gz,s3://sbrg-user-data/rakanksha227/DTU_Lactobacillus/LAC_HRS_Lactobacillus_29_Rep_2_S93_L002_R2_001.fastq.gz,,,
LAC_030,Lactobacillus_29_Rep_1,210530,29,CDM,10g/L glucose,PAIRED,ILLUMINA,NA,w/o glutamine,,37,15hrs,LAC_HRS_Lactobacillus_29_Rep_1,Lactobacillus_100_Conditions_LAC,CDM_glu,CDM_wo_glut,210820 Run on IGM NovaSeq Lane 1,s3://sbrg-user-data/rakanksha227/DTU_Lactobacillus/LAC_HRS_Lactobacillus_29_Rep_1_S4_L001_R1_001.fastq.gz,s3://sbrg-user-data/rakanksha227/DTU_Lactobacillus/LAC_HRS_Lactobacillus_29_Rep_1_S4_L001_R2_001.fastq.gz,,,
LAC_031,Lactobacillus_29_Rep_2,210530,29,CDM,10g/L glucose,PAIRED,ILLUMINA,NA,w/o glutamine,,37,15hrs,LAC_HRS_Lactobacillus_29_Rep_2,Lactobacillus_100_Conditions_LAC,CDM_glu,CDM_wo_glut,210613 Run on IGM NovaSeq Lane 2,s3://sbrg-user-data/rakanksha227/DTU_Lactobacillus/LAC_HRS_Lactobacillus_29_Rep_2_S5_L001_R1_001.fastq.gz,s3://sbrg-user-data/rakanksha227/DTU_Lactobacillus/LAC_HRS_Lactobacillus_29_Rep_2_S5_L001_R2_001.fastq.gz,,,
LAC_032,Lactobacillus_30_Rep_1,210530,30,CDM,10g/L glucose,PAIRED,ILLUMINA,NA,1g/L cysteine,,37,15hrs,LAC_HRS_Lactobacillus_30_Rep_1,Lactobacillus_100_Conditions_LAC,CDM_glu,CDM_cys,210613 Run on IGM NovaSeq Lane 2,s3://sbrg-user-data/rakanksha227/DTU_Lactobacillus/LAC_HRS_Lactobacillus_30_Rep_1_S94_L002_R1_001.fastq.gz,s3://sbrg-user-data/rakanksha227/DTU_Lactobacillus/LAC_HRS_Lactobacillus_30_Rep_1_S94_L002_R2_001.fastq.gz,,,
LAC_033,Lactobacillus_30_Rep_2,210530,30,CDM,10g/L glucose,PAIRED,ILLUMINA,NA,1g/L cysteine,,37,15hrs,LAC_HRS_Lactobacillus_30_Rep_2,Lactobacillus_100_Conditions_LAC,CDM_glu,CDM_cys,210820 Run on IGM NovaSeq Lane 1,s3://sbrg-user-data/rakanksha227/DTU_Lactobacillus/LAC_HRS_Lactobacillus_30_Rep_2_S95_L002_R1_001.fastq.gz,s3://sbrg-user-data/rakanksha227/DTU_Lactobacillus/LAC_HRS_Lactobacillus_30_Rep_2_S95_L002_R2_001.fastq.gz,,,
LAC_034,Lactobacillus_30_Rep_1,210530,30,CDM,10g/L glucose,PAIRED,ILLUMINA,NA,1g/L cysteine,,37,15hrs,LAC_HRS_Lactobacillus_30_Rep_1,Lactobacillus_100_Conditions_LAC,CDM_glu,CDM_cys,210820 Run on IGM NovaSeq Lane 1,s3://sbrg-user-data/rakanksha227/DTU_Lactobacillus/LAC_HRS_Lactobacillus_30_Rep_1_S6_L001_R1_001.fastq.gz,s3://sbrg-user-data/rakanksha227/DTU_Lactobacillus/LAC_HRS_Lactobacillus_30_Rep_1_S6_L001_R2_001.fastq.gz,,,
LAC_035,Lactobacillus_30_Rep_2,210530,30,CDM,10g/L glucose,PAIRED,ILLUMINA,NA,1g/L cysteine,,37,15hrs,LAC_HRS_Lactobacillus_30_Rep_2,Lactobacillus_100_Conditions_LAC,CDM_glu,CDM_cys,210613 Run on IGM NovaSeq Lane 2,s3://sbrg-user-data/rakanksha227/DTU_Lactobacillus/LAC_HRS_Lactobacillus_30_Rep_2_S7_L001_R1_001.fastq.gz,s3://sbrg-user-data/rakanksha227/DTU_Lactobacillus/LAC_HRS_Lactobacillus_30_Rep_2_S7_L001_R2_001.fastq.gz,,,
LAC_036,Lactobacillus_34_Rep_1,210530,34,CDM,10g/L glucose,PAIRED,ILLUMINA,NA,1g/L tryptophan,,37,12hrs,LAC_HRS_Lactobacillus_34_Rep_1,Lactobacillus_100_Conditions_LAC,CDM_glu,CDM_tryp,210613 Run on IGM NovaSeq Lane 2,s3://sbrg-user-data/rakanksha227/DTU_Lactobacillus/LAC_HRS_Lactobacillus_34_Rep_1_S96_L002_R1_001.fastq.gz,s3://sbrg-user-data/rakanksha227/DTU_Lactobacillus/LAC_HRS_Lactobacillus_34_Rep_1_S96_L002_R2_001.fastq.gz,,,
LAC_037,Lactobacillus_34_Rep_2,210530,34,CDM,10g/L glucose,PAIRED,ILLUMINA,NA,1g/L tryptophan,,37,12hrs,LAC_HRS_Lactobacillus_34_Rep_2,Lactobacillus_100_Conditions_LAC,CDM_glu,CDM_tryp,210820 Run on IGM NovaSeq Lane 1,s3://sbrg-user-data/rakanksha227/DTU_Lactobacillus/LAC_HRS_Lactobacillus_34_Rep_2_S97_L002_R1_001.fastq.gz,s3://sbrg-user-data/rakanksha227/DTU_Lactobacillus/LAC_HRS_Lactobacillus_34_Rep_2_S97_L002_R2_001.fastq.gz,,,
LAC_038,Lactobacillus_34_Rep_1,210530,34,CDM,10g/L glucose,PAIRED,ILLUMINA,NA,1g/L tryptophan,,37,12hrs,LAC_HRS_Lactobacillus_34_Rep_1,Lactobacillus_100_Conditions_LAC,CDM_glu,CDM_tryp,210820 Run on IGM NovaSeq Lane 1,s3://sbrg-user-data/rakanksha227/DTU_Lactobacillus/LAC_HRS_Lactobacillus_34_Rep_1_S10_L001_R1_001.fastq.gz,s3://sbrg-user-data/rakanksha227/DTU_Lactobacillus/LAC_HRS_Lactobacillus_34_Rep_1_S10_L001_R2_001.fastq.gz,,,
LAC_039,Lactobacillus_34_Rep_1,210530,34,CDM,10g/L glucose,PAIRED,ILLUMINA,NA,1g/L tryptophan,,37,12hrs,LAC_HRS_Lactobacillus_34_Rep_1,Lactobacillus_100_Conditions_LAC,CDM_glu,CDM_tryp,210820 Run on IGM NovaSeq Lane 1,s3://sbrg-user-data/rakanksha227/DTU_Lactobacillus/LAC_HRS_Lactobacillus_34_Rep_1_S8_L001_R1_001.fastq.gz,s3://sbrg-user-data/rakanksha227/DTU_Lactobacillus/LAC_HRS_Lactobacillus_34_Rep_1_S8_L001_R2_001.fastq.gz,,,
LAC_040,Lactobacillus_34_Rep_2,210530,34,CDM,10g/L glucose,PAIRED,ILLUMINA,NA,1g/L tryptophan,,37,12hrs,LAC_HRS_Lactobacillus_34_Rep_2,Lactobacillus_100_Conditions_LAC,CDM_glu,CDM_tryp,210820 Run on IGM NovaSeq Lane 1,s3://sbrg-user-data/rakanksha227/DTU_Lactobacillus/LAC_HRS_Lactobacillus_34_Rep_2_S11_L001_R1_001.fastq.gz,s3://sbrg-user-data/rakanksha227/DTU_Lactobacillus/LAC_HRS_Lactobacillus_34_Rep_2_S11_L001_R2_001.fastq.gz,,,
LAC_041,Lactobacillus_34_Rep_2,210530,34,CDM,10g/L glucose,PAIRED,ILLUMINA,NA,1g/L tryptophan,,37,12hrs,LAC_HRS_Lactobacillus_34_Rep_2,Lactobacillus_100_Conditions_LAC,CDM_glu,CDM_tryp,210820 Run on IGM NovaSeq Lane 1,s3://sbrg-user-data/rakanksha227/DTU_Lactobacillus/LAC_HRS_Lactobacillus_34_Rep_2_S9_L001_R1_001.fastq.gz,s3://sbrg-user-data/rakanksha227/DTU_Lactobacillus/LAC_HRS_Lactobacillus_34_Rep_2_S9_L001_R2_001.fastq.gz,,,
LAC_042,Lactobacillus_36_Rep_1,210530,36,CDM,10g/L glucose,PAIRED,ILLUMINA,NA,1g/L histidine,,37,15hrs,LAC_HRS_Lactobacillus_36_Rep_1,Lactobacillus_100_Conditions_LAC,CDM_glu,CDM_his,210820 Run on IGM NovaSeq Lane 1,s3://sbrg-user-data/rakanksha227/DTU_Lactobacillus/LAC_HRS_Lactobacillus_36_Rep_1_S13_L001_R1_001.fastq.gz,s3://sbrg-user-data/rakanksha227/DTU_Lactobacillus/LAC_HRS_Lactobacillus_36_Rep_1_S13_L001_R2_001.fastq.gz,,,
LAC_043,Lactobacillus_36_Rep_1,210530,36,CDM,10g/L glucose,PAIRED,ILLUMINA,NA,1g/L histidine,,37,15hrs,LAC_HRS_Lactobacillus_36_Rep_1,Lactobacillus_100_Conditions_LAC,CDM_glu,CDM_his,210820 Run on IGM NovaSeq Lane 1,s3://sbrg-user-data/rakanksha227/DTU_Lactobacillus/LAC_HRS_Lactobacillus_36_Rep_1_S14_L001_R1_001.fastq.gz,s3://sbrg-user-data/rakanksha227/DTU_Lactobacillus/LAC_HRS_Lactobacillus_36_Rep_1_S14_L001_R2_001.fastq.gz,,,
LAC_044,Lactobacillus_36_Rep_2,210530,36,CDM,10g/L glucose,PAIRED,ILLUMINA,NA,1g/L histidine,,37,15hrs,LAC_HRS_Lactobacillus_36_Rep_2,Lactobacillus_100_Conditions_LAC,CDM_glu,CDM_his,210820 Run on IGM NovaSeq Lane 1,s3://sbrg-user-data/rakanksha227/DTU_Lactobacillus/LAC_HRS_Lactobacillus_36_Rep_2_S12_L001_R1_001.fastq.gz,s3://sbrg-user-data/rakanksha227/DTU_Lactobacillus/LAC_HRS_Lactobacillus_36_Rep_2_S12_L001_R2_001.fastq.gz,,,
LAC_045,Lactobacillus_36_Rep_2,210530,36,CDM,10g/L glucose,PAIRED,ILLUMINA,NA,1g/L histidine,,37,15hrs,LAC_HRS_Lactobacillus_36_Rep_2,Lactobacillus_100_Conditions_LAC,CDM_glu,CDM_his,210613 Run on IGM NovaSeq Lane 2,s3://sbrg-user-data/rakanksha227/DTU_Lactobacillus/LAC_HRS_Lactobacillus_36_Rep_2_S15_L001_R1_001.fastq.gz,s3://sbrg-user-data/rakanksha227/DTU_Lactobacillus/LAC_HRS_Lactobacillus_36_Rep_2_S15_L001_R2_001.fastq.gz,,,
LAC_046,Lactobacillus_41_Rep_1,210530,41,CDM,10g/L glucose,PAIRED,ILLUMINA,NA,2g/L glutamate,,37,,LAC_HRS_Lactobacillus_41_Rep_1,Lactobacillus_100_Conditions_LAC,CDM_glu,CDM_glutamate,210613 Run on IGM NovaSeq Lane 2,s3://sbrg-user-data/rakanksha227/DTU_Lactobacillus/LAC_HRS_Lactobacillus_41_Rep_1_S70_L002_R1_001.fastq.gz,s3://sbrg-user-data/rakanksha227/DTU_Lactobacillus/LAC_HRS_Lactobacillus_41_Rep_1_S70_L002_R2_001.fastq.gz,,,
LAC_047,Lactobacillus_41_Rep_2,210530,41,CDM,10g/L glucose,PAIRED,ILLUMINA,NA,2g/L glutamate,,37,,LAC_HRS_Lactobacillus_41_Rep_2,Lactobacillus_100_Conditions_LAC,CDM_glu,CDM_glutamate,210820 Run on IGM NovaSeq Lane 1,s3://sbrg-user-data/rakanksha227/DTU_Lactobacillus/LAC_HRS_Lactobacillus_41_Rep_2_S71_L002_R1_001.fastq.gz,s3://sbrg-user-data/rakanksha227/DTU_Lactobacillus/LAC_HRS_Lactobacillus_41_Rep_2_S71_L002_R2_001.fastq.gz,,,
LAC_048,Lactobacillus_41_Rep_1,,41,CDM,10g/L glucose,PAIRED,ILLUMINA,NA,2g/L glutamate,,37,,LAC_HRS_Lactobacillus_41_Rep_1,Lactobacillus_100_Conditions_LAC,CDM_glu,CDM_glutamate,210820 Run on IGM NovaSeq Lane 1,s3://sbrg-user-data/rakanksha227/DTU_Lactobacillus/LAC_HRS_Lactobacillus_41_Rep_1_S16_L001_R1_001.fastq.gz,s3://sbrg-user-data/rakanksha227/DTU_Lactobacillus/LAC_HRS_Lactobacillus_41_Rep_1_S16_L001_R2_001.fastq.gz,,,
LAC_049,Lactobacillus_41_Rep_2,,41,CDM,10g/L glucose,PAIRED,ILLUMINA,NA,2g/L glutamate,,37,,LAC_HRS_Lactobacillus_41_Rep_2,Lactobacillus_100_Conditions_LAC,CDM_glu,CDM_glutamate,210613 Run on IGM NovaSeq Lane 2,s3://sbrg-user-data/rakanksha227/DTU_Lactobacillus/LAC_HRS_Lactobacillus_41_Rep_2_S17_L001_R1_001.fastq.gz,s3://sbrg-user-data/rakanksha227/DTU_Lactobacillus/LAC_HRS_Lactobacillus_41_Rep_2_S17_L001_R2_001.fastq.gz,,,
LAC_050,Lactobacillus_43_Rep_1,210530,43,CDM,10g/L glucose,PAIRED,ILLUMINA,NA,pABA+glutamate+GTP,,37,,LAC_HRS_Lactobacillus_43_Rep_1,Lactobacillus_100_Conditions_LAC,CDM_glu,CDM_pABA_glutamate,210613 Run on IGM NovaSeq Lane 2,s3://sbrg-user-data/rakanksha227/DTU_Lactobacillus/LAC_HRS_Lactobacillus_43_Rep_1_S72_L002_R1_001.fastq.gz,s3://sbrg-user-data/rakanksha227/DTU_Lactobacillus/LAC_HRS_Lactobacillus_43_Rep_1_S72_L002_R2_001.fastq.gz,,,
LAC_051,Lactobacillus_43_Rep_2,210530,43,CDM,10g/L glucose,PAIRED,ILLUMINA,NA,pABA+glutamate+GTP,,37,,LAC_HRS_Lactobacillus_43_Rep_2,Lactobacillus_100_Conditions_LAC,CDM_glu,CDM_pABA_glutamate,210820 Run on IGM NovaSeq Lane 1,s3://sbrg-user-data/rakanksha227/DTU_Lactobacillus/LAC_HRS_Lactobacillus_43_Rep_2_S73_L002_R1_001.fastq.gz,s3://sbrg-user-data/rakanksha227/DTU_Lactobacillus/LAC_HRS_Lactobacillus_43_Rep_2_S73_L002_R2_001.fastq.gz,,,
LAC_052,Lactobacillus_43_Rep_1,,43,CDM,10g/L glucose,PAIRED,ILLUMINA,NA,pABA+glutamate+GTP,,37,,LAC_HRS_Lactobacillus_43_Rep_1,Lactobacillus_100_Conditions_LAC,CDM_glu,CDM_pABA_glutamate,210820 Run on IGM NovaSeq Lane 1,s3://sbrg-user-data/rakanksha227/DTU_Lactobacillus/LAC_HRS_Lactobacillus_43_Rep_1_S18_L001_R1_001.fastq.gz,s3://sbrg-user-data/rakanksha227/DTU_Lactobacillus/LAC_HRS_Lactobacillus_43_Rep_1_S18_L001_R2_001.fastq.gz,,,
LAC_053,Lactobacillus_43_Rep_2,,43,CDM,10g/L glucose,PAIRED,ILLUMINA,NA,pABA+glutamate+GTP,,37,,LAC_HRS_Lactobacillus_43_Rep_2,Lactobacillus_100_Conditions_LAC,CDM_glu,CDM_pABA_glutamate,210613 Run on IGM NovaSeq Lane 2,s3://sbrg-user-data/rakanksha227/DTU_Lactobacillus/LAC_HRS_Lactobacillus_43_Rep_2_S19_L001_R1_001.fastq.gz,s3://sbrg-user-data/rakanksha227/DTU_Lactobacillus/LAC_HRS_Lactobacillus_43_Rep_2_S19_L001_R2_001.fastq.gz,,,
LAC_054,Lactobacillus_44_Rep_1,210530,44,CDM,10g/L glucose,PAIRED,ILLUMINA,NA,15 mg/L DMBI + 15mg/L ALA,,37,29hrs,LAC_HRS_Lactobacillus_44_Rep_1,Lactobacillus_100_Conditions_LAC,CDM_glu,CDM_DMBI_ALA,210613 Run on IGM NovaSeq Lane 2,s3://sbrg-user-data/rakanksha227/DTU_Lactobacillus/LAC_HRS_Lactobacillus_44_Rep_1_S74_L002_R1_001.fastq.gz,s3://sbrg-user-data/rakanksha227/DTU_Lactobacillus/LAC_HRS_Lactobacillus_44_Rep_1_S74_L002_R2_001.fastq.gz,,,
LAC_055,Lactobacillus_44_Rep_2,210530,44,CDM,10g/L glucose,PAIRED,ILLUMINA,NA,15 mg/L DMBI + 15mg/L ALA,,37,29hrs,LAC_HRS_Lactobacillus_44_Rep_2,Lactobacillus_100_Conditions_LAC,CDM_glu,CDM_DMBI_ALA,210820 Run on IGM NovaSeq Lane 1,s3://sbrg-user-data/rakanksha227/DTU_Lactobacillus/LAC_HRS_Lactobacillus_44_Rep_2_S75_L002_R1_001.fastq.gz,s3://sbrg-user-data/rakanksha227/DTU_Lactobacillus/LAC_HRS_Lactobacillus_44_Rep_2_S75_L002_R2_001.fastq.gz,,,
LAC_056,Lactobacillus_44_Rep_1,,44,CDM,10g/L glucose,PAIRED,ILLUMINA,NA,15 mg/L DMBI + 15mg/L ALA,,37,29hrs,LAC_HRS_Lactobacillus_44_Rep_1,Lactobacillus_100_Conditions_LAC,CDM_glu,CDM_DMBI_ALA,210820 Run on IGM NovaSeq Lane 1,s3://sbrg-user-data/rakanksha227/DTU_Lactobacillus/LAC_HRS_Lactobacillus_44_Rep_1_S20_L001_R1_001.fastq.gz,s3://sbrg-user-data/rakanksha227/DTU_Lactobacillus/LAC_HRS_Lactobacillus_44_Rep_1_S20_L001_R2_001.fastq.gz,,,
LAC_057,Lactobacillus_44_Rep_2,,44,CDM,10g/L glucose,PAIRED,ILLUMINA,NA,15 mg/L DMBI + 15mg/L ALA,,37,29hrs,LAC_HRS_Lactobacillus_44_Rep_2,Lactobacillus_100_Conditions_LAC,CDM_glu,CDM_DMBI_ALA,210613 Run on IGM NovaSeq Lane 2,s3://sbrg-user-data/rakanksha227/DTU_Lactobacillus/LAC_HRS_Lactobacillus_44_Rep_2_S21_L001_R1_001.fastq.gz,s3://sbrg-user-data/rakanksha227/DTU_Lactobacillus/LAC_HRS_Lactobacillus_44_Rep_2_S21_L001_R2_001.fastq.gz,,,
LAC_058,Lactobacillus_45_Rep_1,210530,45,CDM,10g/L glucose,PAIRED,ILLUMINA,NA,w/o Cyanocobalamin,,37,12hrs,LAC_HRS_Lactobacillus_45_Rep_1,Lactobacillus_100_Conditions_LAC,CDM_glu,CDM_wo_Cyano,210820 Run on IGM NovaSeq Lane 1,s3://sbrg-user-data/rakanksha227/DTU_Lactobacillus/LAC_HRS_Lactobacillus_45_Rep_1_S76_L002_R1_001.fastq.gz,s3://sbrg-user-data/rakanksha227/DTU_Lactobacillus/LAC_HRS_Lactobacillus_45_Rep_1_S76_L002_R2_001.fastq.gz,,,
LAC_059,Lactobacillus_45_Rep_1,,45,CDM,10g/L glucose,PAIRED,ILLUMINA,NA,w/o Cyanocobalamin,,37,12hrs,LAC_HRS_Lactobacillus_45_Rep_1,Lactobacillus_100_Conditions_LAC,CDM_glu,CDM_wo_Cyano,210820 Run on IGM NovaSeq Lane 1,s3://sbrg-user-data/rakanksha227/DTU_Lactobacillus/LAC_HRS_Lactobacillus_45_Rep_1_S22_L001_R1_001.fastq.gz,s3://sbrg-user-data/rakanksha227/DTU_Lactobacillus/LAC_HRS_Lactobacillus_45_Rep_1_S22_L001_R2_001.fastq.gz,,,
LAC_060,Lactobacillus_45_Rep_1,,45,CDM,10g/L glucose,PAIRED,ILLUMINA,NA,w/o Cyanocobalamin,,37,12hrs,LAC_HRS_Lactobacillus_45_Rep_1,Lactobacillus_100_Conditions_LAC,CDM_glu,CDM_wo_Cyano,210820 Run on IGM NovaSeq Lane 1,s3://sbrg-user-data/rakanksha227/DTU_Lactobacillus/LAC_HRS_Lactobacillus_45_Rep_1_S23_L001_R1_001.fastq.gz,s3://sbrg-user-data/rakanksha227/DTU_Lactobacillus/LAC_HRS_Lactobacillus_45_Rep_1_S23_L001_R2_001.fastq.gz,,,
LAC_061,Lactobacillus_45_Rep_2,,45,CDM,10g/L glucose,PAIRED,ILLUMINA,NA,w/o Cyanocobalamin,,37,12hrs,LAC_HRS_Lactobacillus_45_Rep_2,Lactobacillus_100_Conditions_LAC,CDM_glu,CDM_wo_Cyano,210820 Run on IGM NovaSeq Lane 1,s3://sbrg-user-data/rakanksha227/DTU_Lactobacillus/LAC_HRS_Lactobacillus_45_Rep_2_S24_L001_R1_001.fastq.gz,s3://sbrg-user-data/rakanksha227/DTU_Lactobacillus/LAC_HRS_Lactobacillus_45_Rep_2_S24_L001_R2_001.fastq.gz,,,
LAC_062,Lactobacillus_46_Rep_1,,46,CDM,10g/L glucose,PAIRED,ILLUMINA,NA,2g/L Cyanocobalamin,,37,12hrs,LAC_HRS_Lactobacillus_46_Rep_1,Lactobacillus_100_Conditions_LAC,CDM_glu,CDM_Cyano,210820 Run on IGM NovaSeq Lane 1,s3://sbrg-user-data/rakanksha227/DTU_Lactobacillus/LAC_HRS_Lactobacillus_46_Rep_1_S26_L001_R1_001.fastq.gz,s3://sbrg-user-data/rakanksha227/DTU_Lactobacillus/LAC_HRS_Lactobacillus_46_Rep_1_S26_L001_R2_001.fastq.gz,,,
LAC_063,Lactobacillus_46_Rep_2,,46,CDM,10g/L glucose,PAIRED,ILLUMINA,NA,2g/L Cyanocobalamin,,37,12hrs,LAC_HRS_Lactobacillus_46_Rep_2,Lactobacillus_100_Conditions_LAC,CDM_glu,CDM_Cyano,210613 Run on IGM NovaSeq Lane 2,s3://sbrg-user-data/rakanksha227/DTU_Lactobacillus/LAC_HRS_Lactobacillus_46_Rep_2_S25_L001_R1_001.fastq.gz,s3://sbrg-user-data/rakanksha227/DTU_Lactobacillus/LAC_HRS_Lactobacillus_46_Rep_2_S25_L001_R2_001.fastq.gz,,,
LAC_064,Lactobacillus_47_Rep_1,210530,47,CDM,10g/L glucose,PAIRED,ILLUMINA,NA,w/o thiamine,,37,15hrs,LAC_HRS_Lactobacillus_47_Rep_1,Lactobacillus_100_Conditions_LAC,CDM_glu,CDM_wo_thiamine,210820 Run on IGM NovaSeq Lane 1,s3://sbrg-user-data/rakanksha227/DTU_Lactobacillus/LAC_HRS_Lactobacillus_47_Rep_1_S27_L001_R1_001.fastq.gz,s3://sbrg-user-data/rakanksha227/DTU_Lactobacillus/LAC_HRS_Lactobacillus_47_Rep_1_S27_L001_R2_001.fastq.gz,,,
LAC_065,Lactobacillus_47_Rep_2,,47,CDM,10g/L glucose,PAIRED,ILLUMINA,NA,w/o thiamine,,37,15hrs,LAC_HRS_Lactobacillus_47_Rep_2,Lactobacillus_100_Conditions_LAC,CDM_glu,CDM_wo_thiamine,210613 Run on IGM NovaSeq Lane 2,s3://sbrg-user-data/rakanksha227/DTU_Lactobacillus/LAC_HRS_Lactobacillus_47_Rep_2_S77_L002_R1_001.fastq.gz,s3://sbrg-user-data/rakanksha227/DTU_Lactobacillus/LAC_HRS_Lactobacillus_47_Rep_2_S77_L002_R2_001.fastq.gz,,,
LAC_066,Lactobacillus_49_Rep_1,210530,49,CDM,10g/L glucose,PAIRED,ILLUMINA,NA,0.5% w/v sodium taurocholate,,37,24hrs,LAC_HRS_Lactobacillus_49_Rep_1,Lactobacillus_100_Conditions_LAC,CDM_glu,CDM_Na_taurocholate,210613 Run on IGM NovaSeq Lane 2,s3://sbrg-user-data/rakanksha227/DTU_Lactobacillus/LAC_HRS_Lactobacillus_49_Rep_1_S80_L002_R1_001.fastq.gz,s3://sbrg-user-data/rakanksha227/DTU_Lactobacillus/LAC_HRS_Lactobacillus_49_Rep_1_S80_L002_R2_001.fastq.gz,,,
LAC_067,Lactobacillus_49_Rep_2,210530,49,CDM,10g/L glucose,PAIRED,ILLUMINA,NA,0.5% w/v sodium taurocholate,,37,24hrs,LAC_HRS_Lactobacillus_49_Rep_2,Lactobacillus_100_Conditions_LAC,CDM_glu,CDM_Na_taurocholate,210613 Run on IGM NovaSeq Lane 2,s3://sbrg-user-data/rakanksha227/DTU_Lactobacillus/LAC_HRS_Lactobacillus_49_Rep_2_S81_L002_R1_001.fastq.gz,s3://sbrg-user-data/rakanksha227/DTU_Lactobacillus/LAC_HRS_Lactobacillus_49_Rep_2_S81_L002_R2_001.fastq.gz,,,
LAC_068,Lactobacillus_50_Rep_1,210530,50,CDM,10g/L glucose,PAIRED,ILLUMINA,NA,0.5% w/v taurodeoxycholate,,37,28hrs,LAC_HRS_Lactobacillus_50_Rep_1,Lactobacillus_100_Conditions_LAC,CDM_glu,CDM_taurodeoxycholate,210613 Run on IGM NovaSeq Lane 2,s3://sbrg-user-data/rakanksha227/DTU_Lactobacillus/LAC_HRS_Lactobacillus_50_Rep_1_S83_L002_R1_001.fastq.gz,s3://sbrg-user-data/rakanksha227/DTU_Lactobacillus/LAC_HRS_Lactobacillus_50_Rep_1_S83_L002_R2_001.fastq.gz,,,
LAC_069,Lactobacillus_50_Rep_2,210530,50,CDM,10g/L glucose,PAIRED,ILLUMINA,NA,0.5% w/v taurodeoxycholate,,37,28hrs,LAC_HRS_Lactobacillus_50_Rep_2,Lactobacillus_100_Conditions_LAC,CDM_glu,CDM_taurodeoxycholate,210613 Run on IGM NovaSeq Lane 2,s3://sbrg-user-data/rakanksha227/DTU_Lactobacillus/LAC_HRS_Lactobacillus_50_Rep_2_S82_L002_R1_001.fastq.gz,s3://sbrg-user-data/rakanksha227/DTU_Lactobacillus/LAC_HRS_Lactobacillus_50_Rep_2_S82_L002_R2_001.fastq.gz,,,
LAC_070,Lactobacillus_51_Rep_1,210530,51,CDM,10g/L glucose,PAIRED,ILLUMINA,NA,0.5% w/v glycocholate,,37,29hrs,LAC_HRS_Lactobacillus_51_Rep_1,Lactobacillus_100_Conditions_LAC,CDM_glu,CDM_glycocholate,210613 Run on IGM NovaSeq Lane 2,s3://sbrg-user-data/rakanksha227/DTU_Lactobacillus/LAC_HRS_Lactobacillus_51_Rep_1_S84_L002_R1_001.fastq.gz,s3://sbrg-user-data/rakanksha227/DTU_Lactobacillus/LAC_HRS_Lactobacillus_51_Rep_1_S84_L002_R2_001.fastq.gz,,,
LAC_071,Lactobacillus_51_Rep_2,210530,51,CDM,10g/L glucose,PAIRED,ILLUMINA,NA,0.5% w/v glycocholate,,37,29hrs,LAC_HRS_Lactobacillus_51_Rep_2,Lactobacillus_100_Conditions_LAC,CDM_glu,CDM_glycocholate,210613 Run on IGM NovaSeq Lane 2,s3://sbrg-user-data/rakanksha227/DTU_Lactobacillus/LAC_HRS_Lactobacillus_51_Rep_2_S85_L002_R1_001.fastq.gz,s3://sbrg-user-data/rakanksha227/DTU_Lactobacillus/LAC_HRS_Lactobacillus_51_Rep_2_S85_L002_R2_001.fastq.gz,,,
LAC_072,Lactobacillus_56_Rep_1,210530,56,CDM,10g/L glucose,PAIRED,ILLUMINA,NA,0.1g/L Piperacillin-tazobactam,,37,,LAC_HRS_Lactobacillus_56_Rep_1,Lactobacillus_100_Conditions_LAC,CDM_glu,CDM_piperacillin_tazobactam,210613 Run on IGM NovaSeq Lane 2,s3://sbrg-user-data/rakanksha227/DTU_Lactobacillus/LAC_HRS_Lactobacillus_56_Rep_1_S86_L002_R1_001.fastq.gz,s3://sbrg-user-data/rakanksha227/DTU_Lactobacillus/LAC_HRS_Lactobacillus_56_Rep_1_S86_L002_R2_001.fastq.gz,,,
LAC_073,Lactobacillus_56_Rep_2,210530,56,CDM,10g/L glucose,PAIRED,ILLUMINA,NA,0.1g/L Piperacillin-tazobactam,,37,,LAC_HRS_Lactobacillus_56_Rep_2,Lactobacillus_100_Conditions_LAC,CDM_glu,CDM_piperacillin_tazobactam,210613 Run on IGM NovaSeq Lane 2,s3://sbrg-user-data/rakanksha227/DTU_Lactobacillus/LAC_HRS_Lactobacillus_56_Rep_2_S87_L002_R1_001.fastq.gz,s3://sbrg-user-data/rakanksha227/DTU_Lactobacillus/LAC_HRS_Lactobacillus_56_Rep_2_S87_L002_R2_001.fastq.gz,,,
LAC_074,Lactobacillus_57_Rep_1,210530,57,CDM,10g/L glucose,PAIRED,ILLUMINA,NA,0.1g/L Ciprofloxacin,,37,,LAC_HRS_Lactobacillus_57_Rep_1,Lactobacillus_100_Conditions_LAC,CDM_glu,CDM_Ciprofloxacin,210820 Run on IGM NovaSeq Lane 1,s3://sbrg-user-data/rakanksha227/DTU_Lactobacillus/LAC_HRS_Lactobacillus_57_Rep_1_S88_L002_R1_001.fastq.gz,s3://sbrg-user-data/rakanksha227/DTU_Lactobacillus/LAC_HRS_Lactobacillus_57_Rep_1_S88_L002_R2_001.fastq.gz,,,
LAC_075,Lactobacillus_57_Rep_2,,57,CDM,10g/L glucose,PAIRED,ILLUMINA,NA,0.1g/L Ciprofloxacin,,37,,LAC_HRS_Lactobacillus_57_Rep_2,Lactobacillus_100_Conditions_LAC,CDM_glu,CDM_Ciprofloxacin,210820 Run on IGM NovaSeq Lane 2,s3://sbrg-user-data/rakanksha227/DTU_Lactobacillus/LAC_HRS_Lactobacillus_57_Rep_2_S83_L002_R1_001.fastq.gz,s3://sbrg-user-data/rakanksha227/DTU_Lactobacillus/LAC_HRS_Lactobacillus_57_Rep_2_S83_L002_R2_001.fastq.gz,,,
LAC_076,Lactobacillus_58_Rep_1,,58,CDM,10g/L glucose,PAIRED,ILLUMINA,NA,250 uM indole,,37,29hrs,LAC_HRS_Lactobacillus_58_Rep_1,Lactobacillus_100_Conditions_LAC,CDM_glu,CDM_Indole,210820 Run on IGM NovaSeq Lane 2,s3://sbrg-user-data/rakanksha227/DTU_Lactobacillus/LAC_HRS_Lactobacillus_58_Rep_1_S84_L002_R1_001.fastq.gz,s3://sbrg-user-data/rakanksha227/DTU_Lactobacillus/LAC_HRS_Lactobacillus_58_Rep_1_S84_L002_R2_001.fastq.gz,,,
LAC_077,Lactobacillus_58_Rep_2,,58,CDM,10g/L glucose,PAIRED,ILLUMINA,NA,250 uM indole,,37,29hrs,LAC_HRS_Lactobacillus_58_Rep_2,Lactobacillus_100_Conditions_LAC,CDM_glu,,210820 Run on IGM NovaSeq Lane 2,s3://sbrg-user-data/rakanksha227/DTU_Lactobacillus/LAC_HRS_Lactobacillus_58_Rep_2_S85_L002_R1_001.fastq.gz,s3://sbrg-user-data/rakanksha227/DTU_Lactobacillus/LAC_HRS_Lactobacillus_58_Rep_2_S85_L002_R2_001.fastq.gz,,,
LAC_078,Lactobacillus_59_Rep_1,,59,CDM,10g/L glucose,PAIRED,ILLUMINA,NA,1000 uM indole,,37,29hrs,LAC_HRS_Lactobacillus_59_Rep_1,Lactobacillus_100_Conditions_LAC,CDM_glu,,210820 Run on IGM NovaSeq Lane 2,s3://sbrg-user-data/rakanksha227/DTU_Lactobacillus/LAC_HRS_Lactobacillus_59_Rep_1_S86_L002_R1_001.fastq.gz,s3://sbrg-user-data/rakanksha227/DTU_Lactobacillus/LAC_HRS_Lactobacillus_59_Rep_1_S86_L002_R2_001.fastq.gz,,,
LAC_079,Lactobacillus_59_Rep_2,,59,CDM,10g/L glucose,PAIRED,ILLUMINA,NA,1000 uM indole,,37,29hrs,LAC_HRS_Lactobacillus_59_Rep_2,Lactobacillus_100_Conditions_LAC,CDM_glu,,210820 Run on IGM NovaSeq Lane 2,s3://sbrg-user-data/rakanksha227/DTU_Lactobacillus/LAC_HRS_Lactobacillus_59_Rep_2_S87_L002_R1_001.fastq.gz,s3://sbrg-user-data/rakanksha227/DTU_Lactobacillus/LAC_HRS_Lactobacillus_59_Rep_2_S87_L002_R2_001.fastq.gz,,,
LAC_080,Lactobacillus_60_Rep_1,,60,CDM,10g/L glucose,PAIRED,ILLUMINA,NA,50 uM butyrate,,37,24hrs,LAC_HRS_Lactobacillus_60_Rep_1,Lactobacillus_100_Conditions_LAC,CDM_glu,,210820 Run on IGM NovaSeq Lane 2,s3://sbrg-user-data/rakanksha227/DTU_Lactobacillus/LAC_HRS_Lactobacillus_60_Rep_1_S88_L002_R1_001.fastq.gz,s3://sbrg-user-data/rakanksha227/DTU_Lactobacillus/LAC_HRS_Lactobacillus_60_Rep_1_S88_L002_R2_001.fastq.gz,,,
LAC_081,Lactobacillus_60_Rep_2,,60,CDM,10g/L glucose,PAIRED,ILLUMINA,NA,50 uM butyrate,,37,24hrs,LAC_HRS_Lactobacillus_60_Rep_2,Lactobacillus_100_Conditions_LAC,CDM_glu,,210820 Run on IGM NovaSeq Lane 2,s3://sbrg-user-data/rakanksha227/DTU_Lactobacillus/LAC_HRS_Lactobacillus_60_Rep_2_S89_L002_R1_001.fastq.gz,s3://sbrg-user-data/rakanksha227/DTU_Lactobacillus/LAC_HRS_Lactobacillus_60_Rep_2_S89_L002_R2_001.fastq.gz,,,
LAC_082,Lactobacillus_64_Rep_2,,64,CDM,10g/L glucose,PAIRED,ILLUMINA,NA,1g/L adenine,,37,15hrs,LAC_HRS_Lactobacillus_64_Rep_2,Lactobacillus_100_Conditions_LAC,CDM_glu,,210820 Run on IGM NovaSeq Lane 2,s3://sbrg-user-data/rakanksha227/DTU_Lactobacillus/LAC_HRS_Lactobacillus_64_Rep_1_S91_L002_R1_001.fastq.gz,s3://sbrg-user-data/rakanksha227/DTU_Lactobacillus/LAC_HRS_Lactobacillus_64_Rep_1_S91_L002_R2_001.fastq.gz,,,
LAC_083,Lactobacillus_64_Rep_1,,64,CDM,10g/L glucose,PAIRED,ILLUMINA,NA,1g/L adenine,,37,15hrs,LAC_HRS_Lactobacillus_64_Rep_1,Lactobacillus_100_Conditions_LAC,CDM_glu,,210820 Run on IGM NovaSeq Lane 2,s3://sbrg-user-data/rakanksha227/DTU_Lactobacillus/LAC_HRS_Lactobacillus_64_Rep_2_S90_L002_R1_001.fastq.gz,s3://sbrg-user-data/rakanksha227/DTU_Lactobacillus/LAC_HRS_Lactobacillus_64_Rep_2_S90_L002_R2_001.fastq.gz,,,
LAC_084,Lactobacillus_65_Rep_1,,65,CDM,10g/L glucose,PAIRED,ILLUMINA,NA,w/o adenine,,37,15hrs,LAC_HRS_Lactobacillus_65_Rep_1,Lactobacillus_100_Conditions_LAC,CDM_glu,,210820 Run on IGM NovaSeq Lane 2,s3://sbrg-user-data/rakanksha227/DTU_Lactobacillus/LAC_HRS_Lactobacillus_65_Rep_1_S92_L002_R1_001.fastq.gz,s3://sbrg-user-data/rakanksha227/DTU_Lactobacillus/LAC_HRS_Lactobacillus_65_Rep_1_S92_L002_R2_001.fastq.gz,,,
LAC_085,Lactobacillus_65_Rep_2,,65,CDM,10g/L glucose,PAIRED,ILLUMINA,NA,w/o adenine,,37,15hrs,LAC_HRS_Lactobacillus_65_Rep_2,Lactobacillus_100_Conditions_LAC,CDM_glu,,210820 Run on IGM NovaSeq Lane 2,s3://sbrg-user-data/rakanksha227/DTU_Lactobacillus/LAC_HRS_Lactobacillus_65_Rep_2_S93_L002_R1_001.fastq.gz,s3://sbrg-user-data/rakanksha227/DTU_Lactobacillus/LAC_HRS_Lactobacillus_65_Rep_2_S93_L002_R2_001.fastq.gz,,,
LAC_086,Lactobacillus_67_Rep_1,,67,human milk,,PAIRED,ILLUMINA,NA,,,37,,LAC_HRS_Lactobacillus_67_Rep_1,Lactobacillus_100_Conditions_LAC,CDM_glu,,210820 Run on IGM NovaSeq Lane 2,s3://sbrg-user-data/rakanksha227/DTU_Lactobacillus/LAC_HRS_Lactobacillus_67_Rep_1_S94_L002_R1_001.fastq.gz,s3://sbrg-user-data/rakanksha227/DTU_Lactobacillus/LAC_HRS_Lactobacillus_67_Rep_1_S94_L002_R2_001.fastq.gz,,,
LAC_087,Lactobacillus_67_Rep_2,,67,human milk,,PAIRED,ILLUMINA,NA,,,37,,LAC_HRS_Lactobacillus_67_Rep_2,Lactobacillus_100_Conditions_LAC,CDM_glu,,210820 Run on IGM NovaSeq Lane 2,s3://sbrg-user-data/rakanksha227/DTU_Lactobacillus/LAC_HRS_Lactobacillus_67_Rep_2_S95_L002_R1_001.fastq.gz,s3://sbrg-user-data/rakanksha227/DTU_Lactobacillus/LAC_HRS_Lactobacillus_67_Rep_2_S95_L002_R2_001.fastq.gz,,,
LAC_088,Lactobacillus_68_Rep_1,,68,infant formular,,PAIRED,ILLUMINA,NA,,,37,,LAC_HRS_Lactobacillus_68_Rep_1,Lactobacillus_100_Conditions_LAC,CDM_glu,,210820 Run on IGM NovaSeq Lane 2,s3://sbrg-user-data/rakanksha227/DTU_Lactobacillus/LAC_HRS_Lactobacillus_68_Rep_1_S96_L002_R1_001.fastq.gz,s3://sbrg-user-data/rakanksha227/DTU_Lactobacillus/LAC_HRS_Lactobacillus_68_Rep_1_S96_L002_R2_001.fastq.gz,,,
LAC_089,Lactobacillus_69_Rep_1,,69,fruit juice media (melon),,PAIRED,ILLUMINA,NA,,,37,,LAC_HRS_Lactobacillus_69_Rep_1,Lactobacillus_100_Conditions_LAC,CDM_glu,,210820 Run on IGM NovaSeq Lane 2,s3://sbrg-user-data/rakanksha227/DTU_Lactobacillus/LAC_HRS_Lactobacillus_69_Rep_1_S97_L002_R1_001.fastq.gz,s3://sbrg-user-data/rakanksha227/DTU_Lactobacillus/LAC_HRS_Lactobacillus_69_Rep_1_S97_L002_R2_001.fastq.gz,,,
LAC_090,Lactobacillus_69_Rep_2,,69,fruit juice media (melon),,PAIRED,ILLUMINA,NA,,,37,,LAC_HRS_Lactobacillus_69_Rep_2,Lactobacillus_100_Conditions_LAC,CDM_glu,,210820 Run on IGM NovaSeq Lane 2,s3://sbrg-user-data/rakanksha227/DTU_Lactobacillus/LAC_HRS_Lactobacillus_69_Rep_2_S98_L002_R1_001.fastq.gz,s3://sbrg-user-data/rakanksha227/DTU_Lactobacillus/LAC_HRS_Lactobacillus_69_Rep_2_S98_L002_R2_001.fastq.gz,,,
LAC_091,Lactobacillus_72_Rep_1,,72,MRS,,PAIRED,ILLUMINA,NA,,,37,3hrs,LAC_HRS_Lactobacillus_72_Rep_1,Lactobacillus_100_Conditions_LAC,CDM_glu,,210820 Run on IGM NovaSeq Lane 2,s3://sbrg-user-data/rakanksha227/DTU_Lactobacillus/LAC_HRS_Lactobacillus_72_Rep_1_S100_L002_R1_001.fastq.gz,s3://sbrg-user-data/rakanksha227/DTU_Lactobacillus/LAC_HRS_Lactobacillus_72_Rep_1_S100_L002_R2_001.fastq.gz,,,
LAC_092,Lactobacillus_72_Rep_2,,72,MRS,,PAIRED,ILLUMINA,NA,,,37,3hrs,LAC_HRS_Lactobacillus_72_Rep_2,Lactobacillus_100_Conditions_LAC,CDM_glu,,210820 Run on IGM NovaSeq Lane 2,s3://sbrg-user-data/rakanksha227/DTU_Lactobacillus/LAC_HRS_Lactobacillus_72_Rep_2_S99_L002_R1_001.fastq.gz,s3://sbrg-user-data/rakanksha227/DTU_Lactobacillus/LAC_HRS_Lactobacillus_72_Rep_2_S99_L002_R2_001.fastq.gz,,,
LAC_093,Lactobacillus_73_Rep_1,,73,MRS,,PAIRED,ILLUMINA,NA,,anaerob,43,20421,LAC_HRS_Lactobacillus_73_Rep_1,Lactobacillus_100_Conditions_LAC,CDM_glu,,210820 Run on IGM NovaSeq Lane 2,s3://sbrg-user-data/rakanksha227/DTU_Lactobacillus/LAC_HRS_Lactobacillus_73_Rep_1_S102_L002_R1_001.fastq.gz,s3://sbrg-user-data/rakanksha227/DTU_Lactobacillus/LAC_HRS_Lactobacillus_73_Rep_1_S102_L002_R2_001.fastq.gz,,,
LAC_094,Lactobacillus_73_Rep_2,,73,MRS,,PAIRED,ILLUMINA,NA,,anaerob,43,20421,LAC_HRS_Lactobacillus_73_Rep_2,Lactobacillus_100_Conditions_LAC,CDM_glu,,210820 Run on IGM NovaSeq Lane 2,s3://sbrg-user-data/rakanksha227/DTU_Lactobacillus/LAC_HRS_Lactobacillus_73_Rep_2_S101_L002_R1_001.fastq.gz,s3://sbrg-user-data/rakanksha227/DTU_Lactobacillus/LAC_HRS_Lactobacillus_73_Rep_2_S101_L002_R2_001.fastq.gz,,,
LAC_095,Lactobacillus_74_Rep_1,,74,MRS,,PAIRED,ILLUMINA,NA,,anaerob,30,20421,LAC_HRS_Lactobacillus_74_Rep_1,Lactobacillus_100_Conditions_LAC,CDM_glu,,210820 Run on IGM NovaSeq Lane 2,s3://sbrg-user-data/rakanksha227/DTU_Lactobacillus/LAC_HRS_Lactobacillus_74_Rep_1_S103_L002_R1_001.fastq.gz,s3://sbrg-user-data/rakanksha227/DTU_Lactobacillus/LAC_HRS_Lactobacillus_74_Rep_1_S103_L002_R2_001.fastq.gz,,,
LAC_096,Lactobacillus_74_Rep_2,,74,MRS,,PAIRED,ILLUMINA,NA,,anaerob,30,20421,LAC_HRS_Lactobacillus_74_Rep_2,Lactobacillus_100_Conditions_LAC,CDM_glu,,210820 Run on IGM NovaSeq Lane 2,s3://sbrg-user-data/rakanksha227/DTU_Lactobacillus/LAC_HRS_Lactobacillus_74_Rep_2_S104_L002_R1_001.fastq.gz,s3://sbrg-user-data/rakanksha227/DTU_Lactobacillus/LAC_HRS_Lactobacillus_74_Rep_2_S104_L002_R2_001.fastq.gz,,,
LAC_097,Lactobacillus_75_Rep_1,,75,MRS,,PAIRED,ILLUMINA,NA,,anaerob,37,20421,LAC_HRS_Lactobacillus_75_Rep_1,Lactobacillus_100_Conditions_LAC,CDM_glu,,210820 Run on IGM NovaSeq Lane 2,s3://sbrg-user-data/rakanksha227/DTU_Lactobacillus/LAC_HRS_Lactobacillus_75_Rep_1_S105_L002_R1_001.fastq.gz,s3://sbrg-user-data/rakanksha227/DTU_Lactobacillus/LAC_HRS_Lactobacillus_75_Rep_1_S105_L002_R2_001.fastq.gz,,,
LAC_098,Lactobacillus_75_Rep_2,,75,MRS,,PAIRED,ILLUMINA,NA,,anaerob,37,20421,LAC_HRS_Lactobacillus_75_Rep_2,Lactobacillus_100_Conditions_LAC,CDM_glu,,210820 Run on IGM NovaSeq Lane 2,s3://sbrg-user-data/rakanksha227/DTU_Lactobacillus/LAC_HRS_Lactobacillus_75_Rep_2_S106_L002_R1_001.fastq.gz,s3://sbrg-user-data/rakanksha227/DTU_Lactobacillus/LAC_HRS_Lactobacillus_75_Rep_2_S106_L002_R2_001.fastq.gz,,,
LAC_099,Lactobacillus_76_Rep_1,,76,MRS,,PAIRED,ILLUMINA,NA,0.5g/L Cysteine,anaerob,37,20421,LAC_HRS_Lactobacillus_76_Rep_1,Lactobacillus_100_Conditions_LAC,CDM_glu,,210820 Run on IGM NovaSeq Lane 2,s3://sbrg-user-data/rakanksha227/DTU_Lactobacillus/LAC_HRS_Lactobacillus_76_Rep_1_S107_L002_R1_001.fastq.gz,s3://sbrg-user-data/rakanksha227/DTU_Lactobacillus/LAC_HRS_Lactobacillus_76_Rep_1_S107_L002_R2_001.fastq.gz,,,
LAC_100,Lactobacillus_76_Rep_2,,76,MRS,,PAIRED,ILLUMINA,NA,0.5g/L Cysteine,anaerob,37,20421,LAC_HRS_Lactobacillus_76_Rep_2,Lactobacillus_100_Conditions_LAC,CDM_glu,,210820 Run on IGM NovaSeq Lane 2,s3://sbrg-user-data/rakanksha227/DTU_Lactobacillus/LAC_HRS_Lactobacillus_76_Rep_2_S108_L002_R1_001.fastq.gz,s3://sbrg-user-data/rakanksha227/DTU_Lactobacillus/LAC_HRS_Lactobacillus_76_Rep_2_S108_L002_R2_001.fastq.gz,,,
LAC_101,Lactobacillus_78_Rep_1,,78,MRS,S. thermophilus,PAIRED,ILLUMINA,NA,,anaerob,43,,LAC_HRS_Lactobacillus_78_Rep_1,Lactobacillus_100_Conditions_LAC,CDM_glu,,210820 Run on IGM NovaSeq Lane 2,s3://sbrg-user-data/rakanksha227/DTU_Lactobacillus/LAC_HRS_Lactobacillus_78_Rep_1_S109_L002_R1_001.fastq.gz,s3://sbrg-user-data/rakanksha227/DTU_Lactobacillus/LAC_HRS_Lactobacillus_78_Rep_1_S109_L002_R2_001.fastq.gz,,,
LAC_102,Lactobacillus_78_Rep_2,,78,MRS,S. thermophilus,PAIRED,ILLUMINA,NA,,anaerob,43,,LAC_HRS_Lactobacillus_78_Rep_2,Lactobacillus_100_Conditions_LAC,CDM_glu,,210820 Run on IGM NovaSeq Lane 2,s3://sbrg-user-data/rakanksha227/DTU_Lactobacillus/LAC_HRS_Lactobacillus_78_Rep_2_S110_L002_R1_001.fastq.gz,s3://sbrg-user-data/rakanksha227/DTU_Lactobacillus/LAC_HRS_Lactobacillus_78_Rep_2_S110_L002_R2_001.fastq.gz,,,
LAC_103,Lactobacillus_79_Rep_1,,79,MRS,Lactococcus lactis ssp. cremoris JS102,PAIRED,ILLUMINA,NA,,anaerob,30,,LAC_HRS_Lactobacillus_79_Rep_1,Lactobacillus_100_Conditions_LAC,CDM_glu,,210820 Run on IGM NovaSeq Lane 2,s3://sbrg-user-data/rakanksha227/DTU_Lactobacillus/LAC_HRS_Lactobacillus_79_Rep_1_S111_L002_R1_001.fastq.gz,s3://sbrg-user-data/rakanksha227/DTU_Lactobacillus/LAC_HRS_Lactobacillus_79_Rep_1_S111_L002_R2_001.fastq.gz,,,
LAC_104,Lactobacillus_79_Rep_2,,79,MRS,Lactococcus lactis ssp. cremoris JS102,PAIRED,ILLUMINA,NA,,anaerob,30,,LAC_HRS_Lactobacillus_79_Rep_2,Lactobacillus_100_Conditions_LAC,CDM_glu,,210820 Run on IGM NovaSeq Lane 2,s3://sbrg-user-data/rakanksha227/DTU_Lactobacillus/LAC_HRS_Lactobacillus_79_Rep_2_S112_L002_R1_001.fastq.gz,s3://sbrg-user-data/rakanksha227/DTU_Lactobacillus/LAC_HRS_Lactobacillus_79_Rep_2_S112_L002_R2_001.fastq.gz,,,
LAC_105,Lactobacillus_84_Rep_1,,84,CDM,E. coli,PAIRED,ILLUMINA,NA,,,37,,LAC_HRS_Lactobacillus_84_Rep_1,Lactobacillus_100_Conditions_LAC,CDM_glu,,210820 Run on IGM NovaSeq Lane 2,s3://sbrg-user-data/rakanksha227/DTU_Lactobacillus/LAC_HRS_Lactobacillus_84_Rep_1_S113_L002_R1_001.fastq.gz,s3://sbrg-user-data/rakanksha227/DTU_Lactobacillus/LAC_HRS_Lactobacillus_84_Rep_1_S113_L002_R2_001.fastq.gz,,,
LAC_106,Lactobacillus_84_Rep_2,,84,CDM,E. coli,PAIRED,ILLUMINA,NA,,,37,,LAC_HRS_Lactobacillus_84_Rep_2,Lactobacillus_100_Conditions_LAC,CDM_glu,,210820 Run on IGM NovaSeq Lane 2,s3://sbrg-user-data/rakanksha227/DTU_Lactobacillus/LAC_HRS_Lactobacillus_84_Rep_2_S114_L002_R1_001.fastq.gz,s3://sbrg-user-data/rakanksha227/DTU_Lactobacillus/LAC_HRS_Lactobacillus_84_Rep_2_S114_L002_R2_001.fastq.gz,,,
LAC_107,Lactobacillus_85_Rep_1,,85,MRS,E. coli,PAIRED,ILLUMINA,NA,,,37,,LAC_HRS_Lactobacillus_85_Rep_1,Lactobacillus_100_Conditions_LAC,CDM_glu,,210820 Run on IGM NovaSeq Lane 2,s3://sbrg-user-data/rakanksha227/DTU_Lactobacillus/LAC_HRS_Lactobacillus_85_Rep_1_S115_L002_R1_001.fastq.gz,s3://sbrg-user-data/rakanksha227/DTU_Lactobacillus/LAC_HRS_Lactobacillus_85_Rep_1_S115_L002_R2_001.fastq.gz,,,
LAC_108,Lactobacillus_85_Rep_2,,85,MRS,E. coli,PAIRED,ILLUMINA,NA,,,37,,LAC_HRS_Lactobacillus_85_Rep_2,Lactobacillus_100_Conditions_LAC,CDM_glu,,210820 Run on IGM NovaSeq Lane 2,s3://sbrg-user-data/rakanksha227/DTU_Lactobacillus/LAC_HRS_Lactobacillus_85_Rep_2_S116_L002_R1_001.fastq.gz,s3://sbrg-user-data/rakanksha227/DTU_Lactobacillus/LAC_HRS_Lactobacillus_85_Rep_2_S116_L002_R2_001.fastq.gz,,,
LAC_109,Lactobacillus_93_Rep_1,,93,CDM,10g/L glucose,PAIRED,ILLUMINA,NA,,,37,14hrs,LAC_HRS_Lactobacillus_93_Rep_1,Lactobacillus_100_Conditions_LAC,CDM_glu,,210820 Run on IGM NovaSeq Lane 2,s3://sbrg-user-data/rakanksha227/DTU_Lactobacillus/LAC_HRS_Lactobacillus_93_Rep_1_S117_L002_R1_001.fastq.gz,s3://sbrg-user-data/rakanksha227/DTU_Lactobacillus/LAC_HRS_Lactobacillus_93_Rep_1_S117_L002_R2_001.fastq.gz,,,
LAC_110,Lactobacillus_93_Rep_2,,93,CDM,10g/L glucose,PAIRED,ILLUMINA,NA,,,37,14hrs,LAC_HRS_Lactobacillus_93_Rep_2,Lactobacillus_100_Conditions_LAC,CDM_glu,,210820 Run on IGM NovaSeq Lane 2,s3://sbrg-user-data/rakanksha227/DTU_Lactobacillus/LAC_HRS_Lactobacillus_93_Rep_2_S118_L002_R1_001.fastq.gz,s3://sbrg-user-data/rakanksha227/DTU_Lactobacillus/LAC_HRS_Lactobacillus_93_Rep_2_S118_L002_R2_001.fastq.gz,,,
LAC_111,Lactobacillus_95_Rep_1,,95,1/4MRS+3/4BHI,L. reuteri,PAIRED,ILLUMINA,NA,,,37,4hrs,LAC_HRS_Lactobacillus_95_Rep_1,Lactobacillus_100_Conditions_LAC,CDM_glu,,210820 Run on IGM NovaSeq Lane 1,s3://sbrg-user-data/rakanksha227/DTU_Lactobacillus/LAC_HRS_Lactobacillus_95_Rep_1_S64_L001_R1_001.fastq.gz,s3://sbrg-user-data/rakanksha227/DTU_Lactobacillus/LAC_HRS_Lactobacillus_95_Rep_1_S64_L001_R2_001.fastq.gz,,,
LAC_112,Lactobacillus_95_Rep_2,,95,1/4MRS+3/4BHI,L. reuteri,PAIRED,ILLUMINA,NA,,,37,4hrs,LAC_HRS_Lactobacillus_95_Rep_2,Lactobacillus_100_Conditions_LAC,CDM_glu,,210820 Run on IGM NovaSeq Lane 1,s3://sbrg-user-data/rakanksha227/DTU_Lactobacillus/LAC_HRS_Lactobacillus_95_Rep_2_S65_L001_R1_001.fastq.gz,s3://sbrg-user-data/rakanksha227/DTU_Lactobacillus/LAC_HRS_Lactobacillus_95_Rep_2_S65_L001_R2_001.fastq.gz,,,
LAC_113,Lactobacillus_96_Rep_1,,96,1/4MRS+3/4BHI,MG1655,PAIRED,ILLUMINA,NA,,,37,4hrs,LAC_HRS_Lactobacillus_96_Rep_1,Lactobacillus_100_Conditions_LAC,CDM_glu,,210820 Run on IGM NovaSeq Lane 1,s3://sbrg-user-data/rakanksha227/DTU_Lactobacillus/LAC_HRS_Lactobacillus_96_Rep_1_S66_L001_R1_001.fastq.gz,s3://sbrg-user-data/rakanksha227/DTU_Lactobacillus/LAC_HRS_Lactobacillus_96_Rep_1_S66_L001_R2_001.fastq.gz,,,
LAC_114,Lactobacillus_96_Rep_2,,96,1/4MRS+3/4BHI,MG1655,PAIRED,ILLUMINA,NA,,,37,4hrs,LAC_HRS_Lactobacillus_96_Rep_2,Lactobacillus_100_Conditions_LAC,CDM_glu,,210820 Run on IGM NovaSeq Lane 1,s3://sbrg-user-data/rakanksha227/DTU_Lactobacillus/LAC_HRS_Lactobacillus_96_Rep_2_S67_L001_R1_001.fastq.gz,s3://sbrg-user-data/rakanksha227/DTU_Lactobacillus/LAC_HRS_Lactobacillus_96_Rep_2_S67_L001_R2_001.fastq.gz,,,
LAC_115,Lactobacillus_98_Rep_1,,98,1/4MRS+3/4BHI,L. reuteri,PAIRED,ILLUMINA,NA,,,43,5hrs,LAC_HRS_Lactobacillus_98_Rep_1,Lactobacillus_100_Conditions_LAC,CDM_glu,,210820 Run on IGM NovaSeq Lane 1,s3://sbrg-user-data/rakanksha227/DTU_Lactobacillus/LAC_HRS_Lactobacillus_98_Rep_1_S68_L001_R1_001.fastq.gz,s3://sbrg-user-data/rakanksha227/DTU_Lactobacillus/LAC_HRS_Lactobacillus_98_Rep_1_S68_L001_R2_001.fastq.gz,,,
LAC_116,Lactobacillus_98_Rep_2,,98,1/4MRS+3/4BHI,L. reuteri,PAIRED,ILLUMINA,NA,,,43,5hrs,LAC_HRS_Lactobacillus_98_Rep_2,Lactobacillus_100_Conditions_LAC,CDM_glu,,210820 Run on IGM NovaSeq Lane 1,s3://sbrg-user-data/rakanksha227/DTU_Lactobacillus/LAC_HRS_Lactobacillus_98_Rep_2_S69_L001_R1_001.fastq.gz,s3://sbrg-user-data/rakanksha227/DTU_Lactobacillus/LAC_HRS_Lactobacillus_98_Rep_2_S69_L001_R2_001.fastq.gz,,,
LAC_117,Lactobacillus_99_Rep_1,,99,,,PAIRED,ILLUMINA,NA,,,,,LAC_HRS_Lactobacillus_99_Rep_1,Lactobacillus_100_Conditions_LAC,CDM_glu,,210820 Run on IGM NovaSeq Lane 1,s3://sbrg-user-data/rakanksha227/DTU_Lactobacillus/LAC_HRS_Lactobacillus_99_Rep_1_S70_L001_R1_001.fastq.gz,s3://sbrg-user-data/rakanksha227/DTU_Lactobacillus/LAC_HRS_Lactobacillus_99_Rep_1_S70_L001_R2_001.fastq.gz,,,
LAC_118,Lactobacillus_99_Rep_2,,99,,,PAIRED,ILLUMINA,NA,,,,,LAC_HRS_Lactobacillus_99_Rep_2,Lactobacillus_100_Conditions_LAC,CDM_glu,,210820 Run on IGM NovaSeq Lane 1,s3://sbrg-user-data/rakanksha227/DTU_Lactobacillus/LAC_HRS_Lactobacillus_99_Rep_2_S71_L001_R1_001.fastq.gz,s3://sbrg-user-data/rakanksha227/DTU_Lactobacillus/LAC_HRS_Lactobacillus_99_Rep_2_S71_L001_R2_001.fastq.gz,,,
LAC_119,Lactobacillus_G_Rep_1,,G,,,PAIRED,ILLUMINA,NA,,,,,LAC_HRS_Lactobacillus_G_Rep_1,Lactobacillus_100_Conditions_LAC,CDM_glu,,210820 Run on IGM NovaSeq Lane 1,s3://sbrg-user-data/rakanksha227/DTU_Lactobacillus/LAC_HRS_Lactobacillus_G_Rep_1_S72_L001_R1_001.fastq.gz,s3://sbrg-user-data/rakanksha227/DTU_Lactobacillus/LAC_HRS_Lactobacillus_G_Rep_1_S72_L001_R2_001.fastq.gz,,,
LAC_120,Lactobacillus_G_Rep_2,,G,,,PAIRED,ILLUMINA,NA,,,,,LAC_HRS_Lactobacillus_G_Rep_2,Lactobacillus_100_Conditions_LAC,CDM_glu,,210820 Run on IGM NovaSeq Lane 1,s3://sbrg-user-data/rakanksha227/DTU_Lactobacillus/LAC_HRS_Lactobacillus_G_Rep_2_S73_L001_R1_001.fastq.gz,s3://sbrg-user-data/rakanksha227/DTU_Lactobacillus/LAC_HRS_Lactobacillus_G_Rep_2_S73_L001_R2_001.fastq.gz,,,
LAC_121,100_Conds_L.reuteri_3_R1,,3,CDM,10g/L Acetate,PAIRED,ILLUMINA,NA,,6,37,48hrs after pass 2,LAC_HRS_100_Conds_L.reuteri_3_R1,Lactobacillus_100_Conditions_LAC,CDM_glu,,2021-10-06-IGM-NovaSeq,s3://sbrg-user-data/rakanksha227/DTU_Lactobacillus/LAC_HRS_100_Conds_L.reuteri_3_R1_S24_L001_R1_001.fastq.gz,s3://sbrg-user-data/rakanksha227/DTU_Lactobacillus/LAC_HRS_100_Conds_L.reuteri_3_R1_S24_L001_R2_001.fastq.gz,,,
LAC_122,100_Conds_L.reuteri_3_R2,,3,CDM,10g/L Acetate,PAIRED,ILLUMINA,NA,,6,37,48hrs after pass 2,LAC_HRS_100_Conds_L.reuteri_3_R2,Lactobacillus_100_Conditions_LAC,CDM_glu,,2021-10-06-IGM-NovaSeq,s3://sbrg-user-data/rakanksha227/DTU_Lactobacillus/LAC_HRS_100_Conds_L.reuteri_3_R2_S25_L001_R1_001.fastq.gz,s3://sbrg-user-data/rakanksha227/DTU_Lactobacillus/LAC_HRS_100_Conds_L.reuteri_3_R2_S25_L001_R2_001.fastq.gz,,,
LAC_123,100_Conds_L.reuteri_19_R1,,19,CDM,10g/L glucose,PAIRED,ILLUMINA,NA,,anaerob,42,20hrs,LAC_HRS_100_Conds_L.reuteri_19_R1,Lactobacillus_100_Conditions_LAC,CDM_glu,,2021-10-06-IGM-NovaSeq,s3://sbrg-user-data/rakanksha227/DTU_Lactobacillus/LAC_HRS_100_Conds_L.reuteri_19_R1_S26_L001_R1_001.fastq.gz,s3://sbrg-user-data/rakanksha227/DTU_Lactobacillus/LAC_HRS_100_Conds_L.reuteri_19_R1_S26_L001_R2_001.fastq.gz,,,
LAC_124,100_Conds_L.reuteri_19_R2,,19,CDM,10g/L glucose,PAIRED,ILLUMINA,NA,,anaerob,42,20hrs,LAC_HRS_100_Conds_L.reuteri_19_R2,Lactobacillus_100_Conditions_LAC,CDM_glu,,2021-10-06-IGM-NovaSeq,s3://sbrg-user-data/rakanksha227/DTU_Lactobacillus/LAC_HRS_100_Conds_L.reuteri_19_R2_S27_L001_R1_001.fastq.gz,s3://sbrg-user-data/rakanksha227/DTU_Lactobacillus/LAC_HRS_100_Conds_L.reuteri_19_R2_S27_L001_R2_001.fastq.gz,,,
LAC_125,100_Conds_L.reuteri_21_R1,,21,CDM,10g/L glucose,PAIRED,ILLUMINA,NA,,,37,,LAC_HRS_100_Conds_L.reuteri_21_R1,Lactobacillus_100_Conditions_LAC,CDM_glu,,2021-10-06-IGM-NovaSeq,s3://sbrg-user-data/rakanksha227/DTU_Lactobacillus/LAC_HRS_100_Conds_L.reuteri_21_R1_S28_L001_R1_001.fastq.gz,s3://sbrg-user-data/rakanksha227/DTU_Lactobacillus/LAC_HRS_100_Conds_L.reuteri_21_R1_S28_L001_R2_001.fastq.gz,,,
LAC_126,100_Conds_L.reuteri_21_R2,,21,CDM,10g/L glucose,PAIRED,ILLUMINA,NA,,,37,,LAC_HRS_100_Conds_L.reuteri_21_R2,Lactobacillus_100_Conditions_LAC,CDM_glu,,2021-10-06-IGM-NovaSeq,s3://sbrg-user-data/rakanksha227/DTU_Lactobacillus/LAC_HRS_100_Conds_L.reuteri_21_R2_S29_L001_R1_001.fastq.gz,s3://sbrg-user-data/rakanksha227/DTU_Lactobacillus/LAC_HRS_100_Conds_L.reuteri_21_R2_S29_L001_R2_001.fastq.gz,,,
LAC_127,100_Conds_L.reuteri_22_R1,,22,CDM,10g/L glucose,PAIRED,ILLUMINA,NA,0.8 M NaCl,,37,48hrs in 0.4M NaCl,LAC_HRS_100_Conds_L.reuteri_22_R1,Lactobacillus_100_Conditions_LAC,CDM_glu,,2021-10-06-IGM-NovaSeq,s3://sbrg-user-data/rakanksha227/DTU_Lactobacillus/LAC_HRS_100_Conds_L.reuteri_22_R1_S30_L001_R1_001.fastq.gz,s3://sbrg-user-data/rakanksha227/DTU_Lactobacillus/LAC_HRS_100_Conds_L.reuteri_22_R1_S30_L001_R2_001.fastq.gz,,,
LAC_128,100_Conds_L.reuteri_22_R2,,22,CDM,10g/L glucose,PAIRED,ILLUMINA,NA,0.8 M NaCl,,37,48hrs in 0.4M NaCl,LAC_HRS_100_Conds_L.reuteri_22_R2,Lactobacillus_100_Conditions_LAC,CDM_glu,,2021-10-06-IGM-NovaSeq,s3://sbrg-user-data/rakanksha227/DTU_Lactobacillus/LAC_HRS_100_Conds_L.reuteri_22_R2_S31_L001_R1_001.fastq.gz,s3://sbrg-user-data/rakanksha227/DTU_Lactobacillus/LAC_HRS_100_Conds_L.reuteri_22_R2_S31_L001_R2_001.fastq.gz,,,
LAC_129,100_Conds_L.reuteri_31_R1,,31,CDM,10g/L glucose,PAIRED,ILLUMINA,NA,w/o cysteine,,37,,LAC_HRS_100_Conds_L.reuteri_31_R1,Lactobacillus_100_Conditions_LAC,CDM_glu,,2021-10-06-IGM-NovaSeq,s3://sbrg-user-data/rakanksha227/DTU_Lactobacillus/LAC_HRS_100_Conds_L.reuteri_31_R1_S32_L001_R1_001.fastq.gz,s3://sbrg-user-data/rakanksha227/DTU_Lactobacillus/LAC_HRS_100_Conds_L.reuteri_31_R1_S32_L001_R2_001.fastq.gz,,,
LAC_130,100_Conds_L.reuteri_31_R2,,31,CDM,10g/L glucose,PAIRED,ILLUMINA,NA,w/o cysteine,,37,,LAC_HRS_100_Conds_L.reuteri_31_R2,Lactobacillus_100_Conditions_LAC,CDM_glu,,2021-10-06-IGM-NovaSeq,s3://sbrg-user-data/rakanksha227/DTU_Lactobacillus/LAC_HRS_100_Conds_L.reuteri_31_R2_S33_L001_R1_001.fastq.gz,s3://sbrg-user-data/rakanksha227/DTU_Lactobacillus/LAC_HRS_100_Conds_L.reuteri_31_R2_S33_L001_R2_001.fastq.gz,,,
LAC_131,100_Conds_L.reuteri_32_R1,,32,CDM,10g/L glucose,PAIRED,ILLUMINA,NA,1g/L tyrosine,,37,20hrs,LAC_HRS_100_Conds_L.reuteri_32_R1,Lactobacillus_100_Conditions_LAC,CDM_glu,,2021-10-06-IGM-NovaSeq,s3://sbrg-user-data/rakanksha227/DTU_Lactobacillus/LAC_HRS_100_Conds_L.reuteri_32_R1_S34_L001_R1_001.fastq.gz,s3://sbrg-user-data/rakanksha227/DTU_Lactobacillus/LAC_HRS_100_Conds_L.reuteri_32_R1_S34_L001_R2_001.fastq.gz,,,
LAC_132,100_Conds_L.reuteri_32_R2,,32,CDM,10g/L glucose,PAIRED,ILLUMINA,NA,1g/L tyrosine,,37,20hrs,LAC_HRS_100_Conds_L.reuteri_32_R2,Lactobacillus_100_Conditions_LAC,CDM_glu,,2021-10-06-IGM-NovaSeq,s3://sbrg-user-data/rakanksha227/DTU_Lactobacillus/LAC_HRS_100_Conds_L.reuteri_32_R2_S35_L001_R1_001.fastq.gz,s3://sbrg-user-data/rakanksha227/DTU_Lactobacillus/LAC_HRS_100_Conds_L.reuteri_32_R2_S35_L001_R2_001.fastq.gz,,,
LAC_133,100_Conds_L.reuteri_35_R1,,35,CDM,10g/L glucose,PAIRED,ILLUMINA,NA,w/o tryptophan,,37,,LAC_HRS_100_Conds_L.reuteri_35_R1,Lactobacillus_100_Conditions_LAC,CDM_glu,,2021-10-06-IGM-NovaSeq,s3://sbrg-user-data/rakanksha227/DTU_Lactobacillus/LAC_HRS_100_Conds_L.reuteri_35_R1_S36_L001_R1_001.fastq.gz,s3://sbrg-user-data/rakanksha227/DTU_Lactobacillus/LAC_HRS_100_Conds_L.reuteri_35_R1_S36_L001_R2_001.fastq.gz,,,
LAC_134,100_Conds_L.reuteri_35_R2,,35,CDM,10g/L glucose,PAIRED,ILLUMINA,NA,w/o tryptophan,,37,,LAC_HRS_100_Conds_L.reuteri_35_R2,Lactobacillus_100_Conditions_LAC,CDM_glu,,2021-10-06-IGM-NovaSeq,s3://sbrg-user-data/rakanksha227/DTU_Lactobacillus/LAC_HRS_100_Conds_L.reuteri_35_R2_S37_L001_R1_001.fastq.gz,s3://sbrg-user-data/rakanksha227/DTU_Lactobacillus/LAC_HRS_100_Conds_L.reuteri_35_R2_S37_L001_R2_001.fastq.gz,,,
LAC_135,100_Conds_L.reuteri_37_R1,,37,CDM,10g/L glucose,PAIRED,ILLUMINA,NA,w/o histidine,,37,,LAC_HRS_100_Conds_L.reuteri_37_R1,Lactobacillus_100_Conditions_LAC,CDM_glu,,2021-10-06-IGM-NovaSeq,s3://sbrg-user-data/rakanksha227/DTU_Lactobacillus/LAC_HRS_100_Conds_L.reuteri_37_R1_S38_L001_R1_001.fastq.gz,s3://sbrg-user-data/rakanksha227/DTU_Lactobacillus/LAC_HRS_100_Conds_L.reuteri_37_R1_S38_L001_R2_001.fastq.gz,,,
LAC_136,100_Conds_L.reuteri_37_R2,,37,CDM,10g/L glucose,PAIRED,ILLUMINA,NA,w/o histidine,,37,,LAC_HRS_100_Conds_L.reuteri_37_R2,Lactobacillus_100_Conditions_LAC,CDM_glu,,2021-10-06-IGM-NovaSeq,s3://sbrg-user-data/rakanksha227/DTU_Lactobacillus/LAC_HRS_100_Conds_L.reuteri_37_R2_S39_L001_R1_001.fastq.gz,s3://sbrg-user-data/rakanksha227/DTU_Lactobacillus/LAC_HRS_100_Conds_L.reuteri_37_R2_S39_L001_R2_001.fastq.gz,,,
LAC_137,100_Conds_L.reuteri_38_R1,,38,CDM,10g/L glucose,PAIRED,ILLUMINA,NA,40 M FeCl3,,37,,LAC_HRS_100_Conds_L.reuteri_38_R1,Lactobacillus_100_Conditions_LAC,CDM_glu,,2021-10-06-IGM-NovaSeq,s3://sbrg-user-data/rakanksha227/DTU_Lactobacillus/LAC_HRS_100_Conds_L.reuteri_38_R1_S40_L001_R1_001.fastq.gz,s3://sbrg-user-data/rakanksha227/DTU_Lactobacillus/LAC_HRS_100_Conds_L.reuteri_38_R1_S40_L001_R2_001.fastq.gz,,,
LAC_138,100_Conds_L.reuteri_38_R2,,38,CDM,10g/L glucose,PAIRED,ILLUMINA,NA,40 M FeCl3,,37,,LAC_HRS_100_Conds_L.reuteri_38_R2,Lactobacillus_100_Conditions_LAC,CDM_glu,,2021-10-06-IGM-NovaSeq,s3://sbrg-user-data/rakanksha227/DTU_Lactobacillus/LAC_HRS_100_Conds_L.reuteri_38_R2_S41_L001_R1_001.fastq.gz,s3://sbrg-user-data/rakanksha227/DTU_Lactobacillus/LAC_HRS_100_Conds_L.reuteri_38_R2_S41_L001_R2_001.fastq.gz,,,
LAC_139,100_Conds_L.reuteri_39_R1,,39,CDM,10g/L glucose,PAIRED,ILLUMINA,NA,w/o iron,,37,,LAC_HRS_100_Conds_L.reuteri_39_R1,Lactobacillus_100_Conditions_LAC,CDM_glu,,2021-10-06-IGM-NovaSeq,s3://sbrg-user-data/rakanksha227/DTU_Lactobacillus/LAC_HRS_100_Conds_L.reuteri_39_R1_S42_L001_R1_001.fastq.gz,s3://sbrg-user-data/rakanksha227/DTU_Lactobacillus/LAC_HRS_100_Conds_L.reuteri_39_R1_S42_L001_R2_001.fastq.gz,,,
LAC_140,100_Conds_L.reuteri_39_R2,,39,CDM,10g/L glucose,PAIRED,ILLUMINA,NA,w/o iron,,37,,LAC_HRS_100_Conds_L.reuteri_39_R2,Lactobacillus_100_Conditions_LAC,CDM_glu,,2021-10-06-IGM-NovaSeq,s3://sbrg-user-data/rakanksha227/DTU_Lactobacillus/LAC_HRS_100_Conds_L.reuteri_39_R2_S43_L001_R1_001.fastq.gz,s3://sbrg-user-data/rakanksha227/DTU_Lactobacillus/LAC_HRS_100_Conds_L.reuteri_39_R2_S43_L001_R2_001.fastq.gz,,,
LAC_141,100_Conds_L.reuteri_40_R1,,40,CDM,10g/L glucose,PAIRED,ILLUMINA,NA,10 uM pABA,,37,20hrs,LAC_HRS_100_Conds_L.reuteri_40_R1,Lactobacillus_100_Conditions_LAC,CDM_glu,,2021-10-06-IGM-NovaSeq,s3://sbrg-user-data/rakanksha227/DTU_Lactobacillus/LAC_HRS_100_Conds_L.reuteri_40_R1_S44_L001_R1_001.fastq.gz,s3://sbrg-user-data/rakanksha227/DTU_Lactobacillus/LAC_HRS_100_Conds_L.reuteri_40_R1_S44_L001_R2_001.fastq.gz,,,
LAC_142,100_Conds_L.reuteri_40_R2,,40,CDM,10g/L glucose,PAIRED,ILLUMINA,NA,10 uM pABA,,37,20hrs,LAC_HRS_100_Conds_L.reuteri_40_R2,Lactobacillus_100_Conditions_LAC,CDM_glu,,2021-10-06-IGM-NovaSeq,s3://sbrg-user-data/rakanksha227/DTU_Lactobacillus/LAC_HRS_100_Conds_L.reuteri_40_R2_S45_L001_R1_001.fastq.gz,s3://sbrg-user-data/rakanksha227/DTU_Lactobacillus/LAC_HRS_100_Conds_L.reuteri_40_R2_S45_L001_R2_001.fastq.gz,,,
LAC_143,100_Conds_L.reuteri_42_R1,,42,CDM,10g/L glucose,PAIRED,ILLUMINA,NA,2g/L GTP,,37,,LAC_HRS_100_Conds_L.reuteri_42_R1,Lactobacillus_100_Conditions_LAC,CDM_glu,,2021-10-06-IGM-NovaSeq,s3://sbrg-user-data/rakanksha227/DTU_Lactobacillus/LAC_HRS_100_Conds_L.reuteri_42_R1_S46_L001_R1_001.fastq.gz,s3://sbrg-user-data/rakanksha227/DTU_Lactobacillus/LAC_HRS_100_Conds_L.reuteri_42_R1_S46_L001_R2_001.fastq.gz,,,
LAC_144,100_Conds_L.reuteri_42_R2,,42,CDM,10g/L glucose,PAIRED,ILLUMINA,NA,2g/L GTP,,37,,LAC_HRS_100_Conds_L.reuteri_42_R2,Lactobacillus_100_Conditions_LAC,CDM_glu,,2021-10-06-IGM-NovaSeq,s3://sbrg-user-data/rakanksha227/DTU_Lactobacillus/LAC_HRS_100_Conds_L.reuteri_42_R2_S47_L001_R1_001.fastq.gz,s3://sbrg-user-data/rakanksha227/DTU_Lactobacillus/LAC_HRS_100_Conds_L.reuteri_42_R2_S47_L001_R2_001.fastq.gz,,,
LAC_145,100_Conds_L.reuteri_55_R1,,55,CDM,10g/L glucose,PAIRED,ILLUMINA,NA,0.1g/L Tetracycline,,37,48hrs in 0.05g/L,LAC_HRS_100_Conds_L.reuteri_55_R1,Lactobacillus_100_Conditions_LAC,CDM_glu,,2021-10-06-IGM-NovaSeq,s3://sbrg-user-data/rakanksha227/DTU_Lactobacillus/LAC_HRS_100_Conds_L.reuteri_55_R1_S48_L001_R1_001.fastq.gz,s3://sbrg-user-data/rakanksha227/DTU_Lactobacillus/LAC_HRS_100_Conds_L.reuteri_55_R1_S48_L001_R2_001.fastq.gz,,,
LAC_146,100_Conds_L.reuteri_55_R2,,55,CDM,10g/L glucose,PAIRED,ILLUMINA,NA,0.1g/L Tetracycline,,37,48hrs in 0.05g/L,LAC_HRS_100_Conds_L.reuteri_55_R2,Lactobacillus_100_Conditions_LAC,CDM_glu,,2021-10-06-IGM-NovaSeq,s3://sbrg-user-data/rakanksha227/DTU_Lactobacillus/LAC_HRS_100_Conds_L.reuteri_55_R2_S49_L001_R1_001.fastq.gz,s3://sbrg-user-data/rakanksha227/DTU_Lactobacillus/LAC_HRS_100_Conds_L.reuteri_55_R2_S49_L001_R2_001.fastq.gz,,,
LAC_147,100_Conds_L.reuteri_61_R1,,61,CDM,10g/L glucose,PAIRED,ILLUMINA,NA,10 mM butyrate,,37,48hrs in 5mM,LAC_HRS_100_Conds_L.reuteri_61_R1,Lactobacillus_100_Conditions_LAC,CDM_glu,,2021-10-06-IGM-NovaSeq,s3://sbrg-user-data/rakanksha227/DTU_Lactobacillus/LAC_HRS_100_Conds_L.reuteri_61_R1_S50_L001_R1_001.fastq.gz,s3://sbrg-user-data/rakanksha227/DTU_Lactobacillus/LAC_HRS_100_Conds_L.reuteri_61_R1_S50_L001_R2_001.fastq.gz,,,
LAC_148,100_Conds_L.reuteri_61_R2,,61,CDM,10g/L glucose,PAIRED,ILLUMINA,NA,10 mM butyrate,,37,48hrs in 5mM,LAC_HRS_100_Conds_L.reuteri_61_R2,Lactobacillus_100_Conditions_LAC,CDM_glu,,2021-10-06-IGM-NovaSeq,s3://sbrg-user-data/rakanksha227/DTU_Lactobacillus/LAC_HRS_100_Conds_L.reuteri_61_R2_S51_L001_R1_001.fastq.gz,s3://sbrg-user-data/rakanksha227/DTU_Lactobacillus/LAC_HRS_100_Conds_L.reuteri_61_R2_S51_L001_R2_001.fastq.gz,,,
LAC_149,100_Conds_L.reuteri_62_R1,,62,CDM,10g/L glucose,PAIRED,ILLUMINA,NA,1g/L uracil,,37,20hrs,LAC_HRS_100_Conds_L.reuteri_62_R1,Lactobacillus_100_Conditions_LAC,CDM_glu,,2021-10-06-IGM-NovaSeq,s3://sbrg-user-data/rakanksha227/DTU_Lactobacillus/LAC_HRS_100_Conds_L.reuteri_62_R1_S101_L002_R1_001.fastq.gz,s3://sbrg-user-data/rakanksha227/DTU_Lactobacillus/LAC_HRS_100_Conds_L.reuteri_62_R1_S101_L002_R2_001.fastq.gz,,,
LAC_150,100_Conds_L.reuteri_62_R2,,62,CDM,10g/L glucose,PAIRED,ILLUMINA,NA,1g/L uracil,,37,20hrs,LAC_HRS_100_Conds_L.reuteri_62_R2,Lactobacillus_100_Conditions_LAC,CDM_glu,,2021-10-06-IGM-NovaSeq,s3://sbrg-user-data/rakanksha227/DTU_Lactobacillus/LAC_HRS_100_Conds_L.reuteri_62_R2_S52_L002_R1_001.fastq.gz,s3://sbrg-user-data/rakanksha227/DTU_Lactobacillus/LAC_HRS_100_Conds_L.reuteri_62_R2_S52_L002_R2_001.fastq.gz,,,
LAC_151,100_Conds_L.reuteri_63_R1,,63,CDM,10g/L glucose,PAIRED,ILLUMINA,NA,w/o uracil,,37,20hrs,LAC_HRS_100_Conds_L.reuteri_63_R1,Lactobacillus_100_Conditions_LAC,CDM_glu,,2021-10-06-IGM-NovaSeq,s3://sbrg-user-data/rakanksha227/DTU_Lactobacillus/LAC_HRS_100_Conds_L.reuteri_63_R1_S53_L002_R1_001.fastq.gz,s3://sbrg-user-data/rakanksha227/DTU_Lactobacillus/LAC_HRS_100_Conds_L.reuteri_63_R1_S53_L002_R2_001.fastq.gz,,,
LAC_152,100_Conds_L.reuteri_63_R2,,63,CDM,10g/L glucose,PAIRED,ILLUMINA,NA,w/o uracil,,37,20hrs,LAC_HRS_100_Conds_L.reuteri_63_R2,Lactobacillus_100_Conditions_LAC,CDM_glu,,2021-10-06-IGM-NovaSeq,s3://sbrg-user-data/rakanksha227/DTU_Lactobacillus/LAC_HRS_100_Conds_L.reuteri_63_R2_S54_L002_R1_001.fastq.gz,s3://sbrg-user-data/rakanksha227/DTU_Lactobacillus/LAC_HRS_100_Conds_L.reuteri_63_R2_S54_L002_R2_001.fastq.gz,,,
LAC_153,100_Conds_L.reuteri_80_R1,,80,MRS,Kluyveromyces marxianus,PAIRED,ILLUMINA,NA,,,30,,LAC_HRS_100_Conds_L.reuteri_80_R1,Lactobacillus_100_Conditions_LAC,CDM_glu,,2021-10-06-IGM-NovaSeq,s3://sbrg-user-data/rakanksha227/DTU_Lactobacillus/LAC_HRS_100_Conds_L.reuteri_80_R1_S55_L002_R1_001.fastq.gz,s3://sbrg-user-data/rakanksha227/DTU_Lactobacillus/LAC_HRS_100_Conds_L.reuteri_80_R1_S55_L002_R2_001.fastq.gz,,,
LAC_154,100_Conds_L.reuteri_80_R2,,80,MRS,Kluyveromyces marxianus,PAIRED,ILLUMINA,NA,,,30,,LAC_HRS_100_Conds_L.reuteri_80_R2,Lactobacillus_100_Conditions_LAC,CDM_glu,,2021-10-06-IGM-NovaSeq,s3://sbrg-user-data/rakanksha227/DTU_Lactobacillus/LAC_HRS_100_Conds_L.reuteri_80_R2_S56_L002_R1_001.fastq.gz,s3://sbrg-user-data/rakanksha227/DTU_Lactobacillus/LAC_HRS_100_Conds_L.reuteri_80_R2_S56_L002_R2_001.fastq.gz,,,
LAC_155,100_Conds_L.reuteri_87_R1,,87,CDM,10g/L glucose,PAIRED,ILLUMINA,NA,Yes without glutamate,,37,20hrs,LAC_HRS_100_Conds_L.reuteri_87_R1,Lactobacillus_100_Conditions_LAC,CDM_glu,,2021-10-06-IGM-NovaSeq,s3://sbrg-user-data/rakanksha227/DTU_Lactobacillus/LAC_HRS_100_Conds_L.reuteri_87_R1_S57_L002_R1_001.fastq.gz,s3://sbrg-user-data/rakanksha227/DTU_Lactobacillus/LAC_HRS_100_Conds_L.reuteri_87_R1_S57_L002_R2_001.fastq.gz,,,
LAC_156,100_Conds_L.reuteri_87_R2,,87,CDM,10g/L glucose,PAIRED,ILLUMINA,NA,Yes without glutamate,,37,20hrs,LAC_HRS_100_Conds_L.reuteri_87_R2,Lactobacillus_100_Conditions_LAC,CDM_glu,,2021-10-06-IGM-NovaSeq,s3://sbrg-user-data/rakanksha227/DTU_Lactobacillus/LAC_HRS_100_Conds_L.reuteri_87_R2_S58_L002_R1_001.fastq.gz,s3://sbrg-user-data/rakanksha227/DTU_Lactobacillus/LAC_HRS_100_Conds_L.reuteri_87_R2_S58_L002_R2_001.fastq.gz,,,
LAC_157,100_Conds_L.reuteri_88_R1,,88,CDM,10g/L glucose,PAIRED,ILLUMINA,NA,Yes without ABA,,37,20hrs,LAC_HRS_100_Conds_L.reuteri_88_R1,Lactobacillus_100_Conditions_LAC,CDM_glu,,2021-10-06-IGM-NovaSeq,s3://sbrg-user-data/rakanksha227/DTU_Lactobacillus/LAC_HRS_100_Conds_L.reuteri_88_R1_S59_L002_R1_001.fastq.gz,s3://sbrg-user-data/rakanksha227/DTU_Lactobacillus/LAC_HRS_100_Conds_L.reuteri_88_R1_S59_L002_R2_001.fastq.gz,,,
LAC_158,100_Conds_L.reuteri_88_R2,,88,CDM,10g/L glucose,PAIRED,ILLUMINA,NA,Yes without ABA,,37,20hrs,LAC_HRS_100_Conds_L.reuteri_88_R2,Lactobacillus_100_Conditions_LAC,CDM_glu,,2021-10-06-IGM-NovaSeq,s3://sbrg-user-data/rakanksha227/DTU_Lactobacillus/LAC_HRS_100_Conds_L.reuteri_88_R2_S60_L002_R1_001.fastq.gz,s3://sbrg-user-data/rakanksha227/DTU_Lactobacillus/LAC_HRS_100_Conds_L.reuteri_88_R2_S60_L002_R2_001.fastq.gz,,,
LAC_159,100_Conds_L.reuteri_89_R1,,89,CDM,10g/L glucose,PAIRED,ILLUMINA,NA,Without Ammonium citrate,NH4Cl,37,20hrs,LAC_HRS_100_Conds_L.reuteri_89_R1,Lactobacillus_100_Conditions_LAC,CDM_glu,,2021-10-06-IGM-NovaSeq,s3://sbrg-user-data/rakanksha227/DTU_Lactobacillus/LAC_HRS_100_Conds_L.reuteri_89_R1_S61_L002_R1_001.fastq.gz,s3://sbrg-user-data/rakanksha227/DTU_Lactobacillus/LAC_HRS_100_Conds_L.reuteri_89_R1_S61_L002_R2_001.fastq.gz,,,
LAC_160,100_Conds_L.reuteri_89_R2,,89,CDM,10g/L glucose,PAIRED,ILLUMINA,NA,Without Ammonium citrate,NH4Cl,37,20hrs,LAC_HRS_100_Conds_L.reuteri_89_R2,Lactobacillus_100_Conditions_LAC,CDM_glu,,2021-10-06-IGM-NovaSeq,s3://sbrg-user-data/rakanksha227/DTU_Lactobacillus/LAC_HRS_100_Conds_L.reuteri_89_R2_S62_L002_R1_001.fastq.gz,s3://sbrg-user-data/rakanksha227/DTU_Lactobacillus/LAC_HRS_100_Conds_L.reuteri_89_R2_S62_L002_R2_001.fastq.gz,,,
LAC_161,100_Conds_L.reuteri_90_R1,,90,CDM,Without Ammonium citrate,PAIRED,ILLUMINA,NA,Without Ammonium citrate,,,20hrs,LAC_HRS_100_Conds_L.reuteri_90_R1,Lactobacillus_100_Conditions_LAC,CDM_glu,,2021-10-06-IGM-NovaSeq,s3://sbrg-user-data/rakanksha227/DTU_Lactobacillus/LAC_HRS_100_Conds_L.reuteri_90_R1_S63_L002_R1_001.fastq.gz,s3://sbrg-user-data/rakanksha227/DTU_Lactobacillus/LAC_HRS_100_Conds_L.reuteri_90_R1_S63_L002_R2_001.fastq.gz,,,
LAC_162,100_Conds_L.reuteri_90_R2,,90,CDM,Without Ammonium citrate,PAIRED,ILLUMINA,NA,Without Ammonium citrate,,,20hrs,LAC_HRS_100_Conds_L.reuteri_90_R2,Lactobacillus_100_Conditions_LACLactobacillus_100_Conditions_LAC,CDM_glu,,2021-10-06-IGM-NovaSeq,s3://sbrg-user-data/rakanksha227/DTU_Lactobacillus/LAC_HRS_100_Conds_L.reuteri_90_R2_S64_L002_R1_001.fastq.gz,s3://sbrg-user-data/rakanksha227/DTU_Lactobacillus/LAC_HRS_100_Conds_L.reuteri_90_R2_S64_L002_R2_001.fastq.gz,,,
,,,,,,,,,,,,,,,,,,,,,,
,,,,,,,,,,,,,,,,,,,,,,
,,,,,,,,,,,,,,,,,,,,,,
,,,,,,,,,,,,,,,,,,,,,,
,,,,,,,,,,,,,,,,,,,,,,
,,,,,,,,,,,,,,,,,,,,,,
,,,,,,,,,,,,,,,,,,,,,,
,,,,,,,,,,,,,,,,,,,,,,
,,,,,,,,,,,,,,,,,,,,,,
,,,,,,,,,,,,,,,,,,,,,,
,,,,,,,,,,,,,,,,,,,,,,
,,,,,,,,,,,,,,,,,,,,,,
,,,,,,,,,,,,,,,,,,,,,,
,,,,,,,,,,,,,,,,,,,,,,
,,,,,,,,,,,,,,,,,,,,,,
,,,,,,,,,,,,,,,,,,,,,,
,,,,,,,,,,,,,,,,,,,,,,
,,,,,,,,,,,,,,,,,,,,,,
,,,,,,,,,,,,,,,,,,,,,,
,,,,,,,,,,,,,,,,,,,,,,
,,,,,,,,,,,,,,,,,,,,,,
,,,,,,,,,,,,,,,,,,,,,,
,,,,,,,,,,,,,,,,,,,,,,
,,,,,,,,,,,,,,,,,,,,,,
,,,,,,,,,,,,,,,,,,,,,,
,,,,,,,,,,,,,,,,,,,,,,
,,,,,,,,,,,,,,,,,,,,,,
,,,,,,,,,,,,,,,,,,,,,,
,,,,,,,,,,,,,,,,,,,,,,
,,,,,,,,,,,,,,,,,,,,,,
,,,,,,,,,,,,,,,,,,,,,,
,,,,,,,,,,,,,,,,,,,,,,
,,,,,,,,,,,,,,,,,,,,,,
,,,,,,,,,,,,,,,,,,,,,,
,,,,,,,,,,,,,,,,,,,,,,
,,,,,,,,,,,,,,,,,,,,,,
,,,,,,,,,,,,,,,,,,,,,,
,,,,,,,,,,,,,,,,,,,,,,
,,,,,,,,,,,,,,,,,,,,,,
,,,,,,,,,,,,,,,,,,,,,,
,,,,,,,,,,,,,,,,,,,,,,
,,,,,,,,,,,,,,,,,,,,,,
,,,,,,,,,,,,,,,,,,,,,,
,,,,,,,,,,,,,,,,,,,,,,
,,,,,,,,,,,,,,,,,,,,,,
,,,,,,,,,,,,,,,,,,,,,,
,,,,,,,,,,,,,,,,,,,,,,
,,,,,,,,,,,,,,,,,,,,,,
,,,,,,,,,,,,,,,,,,,,,,
,,,,,,,,,,,,,,,,,,,,,,
,,,,,,,,,,,,,,,,,,,,,,
,,,,,,,,,,,,,,,,,,,,,,
,,,,,,,,,,,,,,,,,,,,,,
,,,,,,,,,,,,,,,,,,,,,,
,,,,,,,,,,,,,,,,,,,,,,
,,,,,,,,,,,,,,,,,,,,,,
,,,,,,,,,,,,,,,,,,,,,,
,,,,,,,,,,,,,,,,,,,,,,
,,,,,,,,,,,,,,,,,,,,,,
,,,,,,,,,,,,,,,,,,,,,,
,,,,,,,,,,,,,,,,,,,,,,
,,,,,,,,,,,,,,,,,,,,,,
,,,,,,,,,,,,,,,,,,,,,,
,,,,,,,,,,,,,,,,,,,,,,
,,,,,,,,,,,,,,,,,,,,,,
,,,,,,,,,,,,,,,,,,,,,,
,,,,,,,,,,,,,,,,,,,,,,
,,,,,,,,,,,,,,,,,,,,,,
,,,,,,,,,,,,,,,,,,,,,,
,,,,,,,,,,,,,,,,,,,,,,
,,,,,,,,,,,,,,,,,,,,,,
,,,,,,,,,,,,,,,,,,,,,,
,,,,,,,,,,,,,,,,,,,,,,
,,,,,,,,,,,,,,,,,,,,,,
,,,,,,,,,,,,,,,,,,,,,,
,,,,,,,,,,,,,,,,,,,,,,
,,,,,,,,,,,,,,,,,,,,,,
,,,,,,,,,,,,,,,,,,,,,,
,,,,,,,,,,,,,,,,,,,,,,
,,,,,,,,,,,,,,,,,,,,,,
,,,,,,,,,,,,,,,,,,,,,,
,,,,,,,,,,,,,,,,,,,,,,
,,,,,,,,,,,,,,,,,,,,,,
,,,,,,,,,,,,,,,,,,,,,,
,,,,,,,,,,,,,,,,,,,,,,
,,,,,,,,,,,,,,,,,,,,,,
,,,,,,,,,,,,,,,,,,,,,,
,,,,,,,,,,,,,,,,,,,,,,
,,,,,,,,,,,,,,,,,,,,,,
,,,,,,,,,,,,,,,,,,,,,,
,,,,,,,,,,,,,,,,,,,,,,
,,,,,,,,,,,,,,,,,,,,,,
,,,,,,,,,,,,,,,,,,,,,,
,,,,,,,,,,,,,,,,,,,,,,
,,,,,,,,,,,,,,,,,,,,,,
,,,,,,,,,,,,,,,,,,,,,,
,,,,,,,,,,,,,,,,,,,,,,
,,,,,,,,,,,,,,,,,,,,,,gz
